0,1,999,54,11,4620,-1,37909208
1,1,0,47,11,24,24,38811322
2,1,0,13,59,24,24,25491721
3,1,999,11,17,4620,-1,16137435
4,1,0,37,23,24,24,38056679
5,1,0,59,35,24,24,22457568
6,1,999,26,23,4620,-1,51365472
7,1,999,11,4,69300,-1,7636313
8,1,999,3,43,4620,-1,24789531
9,1,0,22,61,24,24,29804641
10,1,0,5,9,24,24,39582565
11,1,0,52,44,24,24,10310899
12,1,999,27,28,9240,-1,51170815
13,1,999,3,5,4620,-1,10153567
14,1,0,55,18,24,24,47579383
15,1,999,20,42,4620,-1,12293397
16,1,999,51,57,4620,-1,48779339
17,1,0,24,0,24,24,14066836
18,1,0,41,63,24,24,451716
19,1,0,60,44,24,24,133695
20,1,0,17,7,24,24,20777863
21,1,999,53,32,4620,-1,26824692
22,1,999,48,8,4620,-1,18788221
23,1,0,52,34,24,24,14799740
24,1,0,1,45,24,24,9238830
25,1,999,26,63,4620,-1,5251025
26,1,0,53,47,24,24,30978741
27,1,999,57,51,4620,-1,13298648
28,1,999,50,14,4620,-1,25401150
29,1,999,37,14,4620,-1,10465217
30,1,999,35,15,4620,-1,8356971
31,1,0,53,31,24,24,36205601
32,1,999,38,21,73920,-1,42629916
33,1,999,30,60,4620,-1,8949496
34,1,0,52,8,24,24,11499277
35,1,0,38,31,24,24,14996149
36,1,0,27,4,24,24,46846205
37,1,0,42,1,24,24,4812577
38,1,999,18,61,4620,-1,43572597
39,1,0,39,57,24,24,18782652
40,1,0,26,5,24,24,665326
41,1,999,32,45,4620,-1,19127010
42,1,999,63,43,47740,-1,40253246
43,1,999,40,29,4620,-1,49245873
44,1,0,39,29,24,24,643654
45,1,0,49,51,24,24,40216246
46,1,0,24,51,24,24,41767210
47,1,999,24,8,4620,-1,4431158
48,1,999,7,52,4620,-1,25173135
49,1,999,30,9,4620,-1,47673562
50,1,0,4,21,24,24,15346923
51,1,999,36,57,4620,-1,28973814
52,1,999,5,2,4620,-1,35997393
53,1,0,31,44,24,24,44690473
54,1,999,17,56,4620,-1,132440
55,1,0,5,51,24,24,14850322
56,1,0,6,33,24,24,5841441
57,1,0,51,50,24,24,48172918
58,1,0,40,22,24,24,5565638
59,1,999,47,14,4620,-1,11614378
60,1,999,43,16,4620,-1,46382529
61,1,0,58,43,24,24,11286070
62,1,0,60,50,24,24,35852973
63,1,999,24,21,69300,-1,1433186
64,1,0,9,40,24,24,33612268
65,1,999,38,16,4620,-1,34947268
66,1,999,36,22,4620,-1,19685858
67,1,0,43,34,24,24,19721191
68,1,0,16,35,24,24,37917856
69,1,0,17,47,24,24,26869571
70,1,0,31,12,24,24,27614108
71,1,999,30,14,4620,-1,37437251
72,1,999,1,18,4620,-1,5228661
73,1,999,58,39,4620,-1,31869989
74,1,0,61,0,24,24,18778520
75,1,999,1,27,4620,-1,21868303
76,1,999,41,31,4620,-1,48401147
77,1,0,33,4,24,24,10513804
78,1,0,6,15,24,24,20933267
79,1,999,6,1,4620,-1,9359822
80,1,999,39,46,4620,-1,12066949
81,1,0,44,2,24,24,48803351
82,1,999,4,40,13860,-1,17746916
83,1,999,57,2,4620,-1,34014109
84,1,999,53,30,4620,-1,29872437
85,1,999,13,56,4620,-1,5195985
86,1,0,9,33,24,24,40074474
87,1,999,38,2,4620,-1,24143504
88,1,0,60,10,24,24,38692308
89,1,999,9,40,4620,-1,32616521
90,1,999,34,0,4620,-1,38593887
91,1,999,47,22,4620,-1,154448
92,1,0,2,1,24,24,23727008
93,1,999,18,12,4620,-1,43523017
94,1,0,46,29,24,24,33689074
95,1,999,15,9,4620,-1,13789609
96,1,0,52,23,24,24,11615888
97,1,0,44,18,24,24,17678821
98,1,0,41,50,24,24,9359837
99,1,999,46,38,13860,-1,41481806
100,1,999,38,7,56980,-1,35408970
101,1,0,49,58,24,24,23175883
102,1,999,21,55,4620,-1,6453684
103,1,999,42,10,4620,-1,30288163
104,1,999,27,57,4620,-1,1299319
105,1,999,30,50,4620,-1,44967891
106,1,0,22,30,24,24,30214539
107,1,0,54,53,24,24,1048919
108,1,0,10,63,24,24,14102309
109,1,999,30,10,4620,-1,4629975
110,1,999,58,37,4620,-1,34956910
111,1,999,57,48,4620,-1,48645929
112,1,999,43,0,4620,-1,46435212
113,1,999,0,50,4620,-1,11341242
114,1,0,63,54,24,24,23900855
115,1,999,39,6,4620,-1,2712059
116,1,0,41,35,24,24,1615968
117,1,0,19,18,24,24,24538291
118,1,0,19,18,24,24,12248231
119,1,999,59,53,4620,-1,1082816
120,1,0,63,1,24,24,40708224
121,1,999,28,7,4620,-1,2991624
122,1,0,10,9,24,24,30970248
123,1,0,28,17,24,24,28271444
124,1,0,29,32,24,24,38004372
125,1,999,1,12,4620,-1,44304146
126,1,0,14,38,24,24,42009811
127,1,0,33,31,24,24,7172641
128,1,0,45,61,24,24,35375507
129,1,999,18,54,4620,-1,44783533
130,1,0,12,1,24,24,47098952
131,1,999,15,57,4620,-1,5358847
132,1,999,38,31,78540,-1,25111046
133,1,999,61,20,4620,-1,16292298
134,1,999,55,20,4620,-1,49140043
135,1,999,35,14,4620,-1,39073979
136,1,0,20,41,24,24,5126240
137,1,0,15,13,24,24,43016717
138,1,0,44,38,24,24,33847768
139,1,999,26,53,4620,-1,1668834
140,1,0,20,17,24,24,35970069
141,1,999,62,32,4620,-1,49485843
142,1,0,16,50,24,24,13399897
143,1,0,4,16,24,24,45876845
144,1,0,41,44,24,24,26554300
145,1,999,5,52,4620,-1,47859838
146,1,999,62,46,4620,-1,4392410
147,1,0,39,2,24,24,35920679
148,1,0,29,5,24,24,50701131
149,1,0,48,58,24,24,34493458
150,1,999,14,56,4620,-1,41152656
151,1,0,41,60,24,24,37439182
152,1,0,30,52,24,24,29826269
153,1,0,28,60,24,24,10057572
154,1,0,41,16,24,24,27571488
155,1,999,53,7,4620,-1,23020424
156,1,0,35,2,24,24,716621
157,1,0,25,27,24,24,34625713
158,1,999,51,57,66220,-1,25623623
159,1,0,34,12,24,24,26610826
160,1,0,31,13,24,24,5381129
161,1,0,22,24,24,24,12527551
162,1,999,27,50,69300,-1,37986349
163,1,999,9,45,4620,-1,44403086
164,1,999,8,33,9240,-1,21348425
165,1,0,0,29,24,24,12594945
166,1,0,33,41,24,24,39590060
167,1,999,6,7,4620,-1,30018830
168,1,0,31,3,24,24,20987286
169,1,999,22,55,4620,-1,8267565
170,1,0,32,15,24,24,13921588
171,1,999,27,13,4620,-1,41794789
172,1,0,45,39,24,24,33695698
173,1,999,31,47,4620,-1,39561725
174,1,999,36,49,4620,-1,9711535
175,1,0,31,24,24,24,4628115
176,1,999,31,27,4620,-1,20736417
177,1,999,24,42,4620,-1,50053451
178,1,0,17,11,24,24,50238373
179,1,0,14,6,24,24,34557663
180,1,999,53,50,4620,-1,22211040
181,1,0,1,4,24,24,12362365
182,1,0,52,2,24,24,5250397
183,1,0,39,10,24,24,35177032
184,1,0,14,36,24,24,26314285
185,1,0,50,44,24,24,16396369
186,1,0,27,17,24,24,21727113
187,1,999,26,60,4620,-1,23191410
188,1,0,44,25,24,24,16817443
189,1,999,21,1,4620,-1,33155798
190,1,999,28,13,4620,-1,25035935
191,1,999,5,46,4620,-1,28864916
192,1,0,53,54,24,24,3627900
193,1,0,40,16,24,24,19739471
194,1,999,2,26,78540,-1,17641526
195,1,0,44,13,24,24,47563743
196,1,999,43,59,4620,-1,31874557
197,1,999,49,26,4620,-1,17717632
198,1,999,22,20,4620,-1,48060286
199,1,0,18,42,24,24,31585207
200,1,0,2,50,24,24,8857330
201,1,999,31,12,69300,-1,30252040
202,1,0,26,6,24,24,4927275
203,1,999,49,50,4620,-1,17164318
204,1,999,41,43,4620,-1,24330825
205,1,999,20,43,4620,-1,51002947
206,1,999,55,49,4620,-1,20181230
207,1,0,61,16,24,24,1137319
208,1,0,15,59,24,24,14288302
209,1,999,52,2,4620,-1,15105971
210,1,999,56,48,4620,-1,12341804
211,1,999,10,31,138600,-1,6727942
212,1,999,5,9,4620,-1,12507276
213,1,0,1,28,24,24,14503258
214,1,0,29,53,24,24,25850628
215,1,999,5,13,4620,-1,47782482
216,1,999,4,51,100100,-1,7178018
217,1,999,61,58,4620,-1,27157035
218,1,0,50,49,24,24,45492575
219,1,0,5,54,24,24,35259558
220,1,0,42,33,24,24,38385264
221,1,0,30,19,24,24,18830796
222,1,0,1,60,24,24,10999398
223,1,999,20,56,4620,-1,48939575
224,1,0,43,37,24,24,7159604
225,1,0,24,44,24,24,32803883
226,1,999,40,62,4620,-1,38268215
227,1,0,6,54,24,24,34960857
228,1,0,43,30,24,24,4482238
229,1,999,44,38,9240,-1,2180659
230,1,999,56,30,83160,-1,29411637
231,1,999,43,17,4620,-1,32427870
232,1,0,39,53,24,24,16984460
233,1,999,27,7,9240,-1,45611032
234,1,999,56,34,138600,-1,50456522
235,1,999,39,51,4620,-1,35377538
236,1,0,9,12,24,24,33811908
237,1,999,52,10,4620,-1,43943263
238,1,999,10,11,4620,-1,15258331
239,1,0,26,50,24,24,38309712
240,1,999,41,63,4620,-1,3319637
241,1,0,34,27,24,24,3974198
242,1,0,18,15,24,24,3156847
243,1,999,8,43,4620,-1,27166086
244,1,999,12,28,4620,-1,3048315
245,1,999,39,42,4620,-1,19250636
246,1,999,45,56,4620,-1,28581230
247,1,999,20,8,4620,-1,47101154
248,1,0,47,4,24,24,44080186
249,1,0,37,6,24,24,33204240
250,1,999,7,13,4620,-1,22590607
251,1,0,59,11,24,24,9659167
252,1,999,29,7,4620,-1,30052733
253,1,0,8,30,24,24,31707729
254,1,0,4,2,24,24,19985215
255,1,999,57,28,4620,-1,22448392
256,1,0,27,17,24,24,34643572
257,1,999,63,7,4620,-1,7021636
258,1,0,20,28,24,24,42131052
259,1,0,16,49,24,24,20029550
260,1,0,58,11,24,24,30253524
261,1,999,20,52,4620,-1,42031446
262,1,0,41,45,24,24,37257838
263,1,999,8,16,4620,-1,2971991
264,1,999,25,19,4620,-1,17394273
265,1,0,0,36,24,24,7416419
266,1,0,54,12,24,24,1936113
267,1,0,20,40,24,24,42709630
268,1,0,59,50,24,24,777645
269,1,999,35,12,4620,-1,20977171
270,1,0,31,1,24,24,42461957
271,1,999,12,3,4620,-1,28581032
272,1,0,1,18,24,24,45693095
273,1,0,49,42,24,24,49954520
274,1,999,32,45,4620,-1,38005050
275,1,999,38,16,4620,-1,4636838
276,1,0,24,52,24,24,29386319
277,1,999,47,48,4620,-1,26684638
278,1,0,37,21,24,24,41266887
279,1,999,25,53,4620,-1,47232720
280,1,0,15,26,24,24,40162515
281,1,999,9,62,4620,-1,2223413
282,1,999,38,47,4620,-1,45417727
283,1,0,30,12,24,24,10574948
284,1,0,9,35,24,24,45505806
285,1,999,3,15,4620,-1,13895900
286,1,0,13,54,24,24,13248493
287,1,0,29,58,24,24,5715966
288,1,0,32,56,24,24,41751077
289,1,0,18,5,24,24,26322607
290,1,999,2,62,4620,-1,9546101
291,1,999,49,55,4620,-1,13448119
292,1,0,43,10,24,24,45290568
293,1,0,11,33,24,24,50109069
294,1,999,53,8,13860,-1,40071361
295,1,0,32,7,24,24,40971690
296,1,999,44,57,4620,-1,20326577
297,1,999,42,8,4620,-1,11652792
298,1,0,45,23,24,24,47783460
299,1,0,16,63,24,24,40528808
300,1,999,44,36,4620,-1,19469779
301,1,0,28,14,24,24,34199390
302,1,999,25,43,4620,-1,31173521
303,1,999,57,63,4620,-1,42931666
304,1,999,36,38,4620,-1,26685387
305,1,0,2,52,24,24,28045592
306,1,999,48,17,4620,-1,16429175
307,1,0,9,12,24,24,8577948
308,1,0,63,11,24,24,22421368
309,1,999,11,51,4620,-1,40942040
310,1,999,52,25,4620,-1,44077137
311,1,0,63,19,24,24,10270261
312,1,0,36,3,24,24,33333269
313,1,999,52,56,4620,-1,4372491
314,1,999,45,20,4620,-1,30776793
315,1,999,22,11,9240,-1,50768629
316,1,999,6,24,4620,-1,10665220
317,1,0,33,13,24,24,14574711
318,1,0,11,12,24,24,45413697
319,1,0,38,25,24,24,46978441
320,1,0,26,32,24,24,41572700
321,1,999,53,15,4620,-1,20857599
322,1,0,40,55,24,24,31090223
323,1,0,33,7,24,24,13462180
324,1,0,40,58,24,24,15469243
325,1,999,36,52,4620,-1,17278632
326,1,999,19,22,4620,-1,27194008
327,1,999,4,36,4620,-1,18986136
328,1,0,61,39,24,24,34271272
329,1,999,32,63,4620,-1,34787782
330,1,0,10,37,24,24,37868471
331,1,999,23,56,4620,-1,47039406
332,1,999,16,23,4620,-1,6698253
333,1,999,41,44,4620,-1,34751251
334,1,0,37,9,24,24,32429310
335,1,0,23,33,24,24,35597871
336,1,999,19,51,4620,-1,27007013
337,1,0,2,41,24,24,17037534
338,1,0,54,15,24,24,36620172
339,1,0,52,61,24,24,566915
340,1,999,14,1,4620,-1,19351964
341,1,999,27,49,4620,-1,29570636
342,1,999,21,4,4620,-1,25080549
343,1,999,8,25,4620,-1,24078229
344,1,999,62,42,4620,-1,31087456
345,1,0,32,47,24,24,12102299
346,1,999,18,15,4620,-1,7690661
347,1,0,20,60,24,24,30388092
348,1,999,32,16,4620,-1,29604920
349,1,999,17,44,4620,-1,49591305
350,1,0,31,27,24,24,47108877
351,1,999,8,58,4620,-1,19478145
352,1,0,35,32,24,24,48730970
353,1,999,1,16,13860,-1,2206211
354,1,999,25,10,4620,-1,27964847
355,1,0,28,45,24,24,34985862
356,1,999,21,24,4620,-1,25259098
357,1,0,54,31,24,24,38734873
358,1,999,14,63,4620,-1,9191178
359,1,0,17,19,24,24,10718710
360,1,0,24,29,24,24,15975920
361,1,0,33,34,24,24,24282576
362,1,0,13,57,24,24,11811581
363,1,0,52,13,24,24,19577877
364,1,0,19,48,24,24,398116
365,1,0,33,16,24,24,37448170
366,1,0,9,20,24,24,33466282
367,1,999,29,19,4620,-1,35165243
368,1,999,29,52,4620,-1,33321994
369,1,0,42,4,24,24,11587775
370,1,0,63,6,24,24,2514849
371,1,999,54,18,4620,-1,8435640
372,1,0,48,42,24,24,378599
373,1,0,9,24,24,24,50290187
374,1,999,50,10,4620,-1,34992518
375,1,999,12,10,4620,-1,47832158
376,1,999,34,49,4620,-1,46970107
377,1,999,29,40,4620,-1,30362233
378,1,0,6,39,24,24,35609368
379,1,0,20,42,24,24,32377888
380,1,999,29,18,4620,-1,22444649
381,1,0,15,29,24,24,2830668
382,1,999,33,57,4620,-1,41659311
383,1,0,24,54,24,24,39427512
384,1,999,2,22,4620,-1,21453180
385,1,999,30,56,4620,-1,36433020
386,1,0,0,1,24,24,4159397
387,1,0,36,29,24,24,15953225
388,1,999,10,42,4620,-1,27101918
389,1,999,55,25,4620,-1,25542248
390,1,999,38,4,4620,-1,9601966
391,1,0,21,20,24,24,41641276
392,1,0,22,52,24,24,48026579
393,1,999,53,58,4620,-1,27517093
394,1,999,9,1,4620,-1,27446392
395,1,999,14,15,4620,-1,28508941
396,1,999,54,12,4620,-1,21933673
397,1,999,27,6,4620,-1,2259907
398,1,0,53,33,24,24,9640896
399,1,0,12,34,24,24,7982507
400,1,0,14,41,24,24,3914141
401,1,999,39,10,4620,-1,44503615
402,1,999,3,27,4620,-1,50124644
403,1,999,13,55,78540,-1,9377176
404,1,0,26,1,24,24,50151280
405,1,999,23,18,4620,-1,43707723
406,1,0,50,18,24,24,47109531
407,1,999,26,45,4620,-1,17337683
408,1,999,42,59,4620,-1,19564926
409,1,0,27,14,24,24,9079622
410,1,0,15,2,24,24,18881623
411,1,999,9,60,4620,-1,4114006
412,1,0,20,60,24,24,18351351
413,1,0,19,62,24,24,23449600
414,1,999,46,0,4620,-1,1137342
415,1,999,9,53,4620,-1,31695590
416,1,0,41,60,24,24,39685834
417,1,0,53,12,24,24,50258339
418,1,0,51,24,24,24,47199392
419,1,999,39,8,4620,-1,41064090
420,1,0,52,60,24,24,14303062
421,1,0,59,13,24,24,43740660
422,1,999,26,6,4620,-1,50717461
423,1,0,22,42,24,24,41218415
424,1,0,33,50,24,24,1767117
425,1,999,21,53,4620,-1,26446916
426,1,0,14,4,24,24,27822155
427,1,999,40,45,4620,-1,36128621
428,1,0,31,53,24,24,2723065
429,1,999,2,5,4620,-1,21913715
430,1,999,38,3,69300,-1,1706143
431,1,0,6,50,24,24,34613611
432,1,999,0,31,4620,-1,33885045
433,1,999,29,20,4620,-1,2880864
434,1,999,5,22,9240,-1,8602445
435,1,999,31,53,4620,-1,12113343
436,1,999,49,4,4620,-1,32034808
437,1,0,38,53,24,24,21429865
438,1,0,57,14,24,24,5108108
439,1,999,0,27,4620,-1,17679284
440,1,999,36,52,4620,-1,23363650
441,1,999,26,38,4620,-1,49848287
442,1,999,1,37,4620,-1,49390007
443,1,0,2,5,24,24,37351085
444,1,999,37,6,4620,-1,46592274
445,1,0,21,49,24,24,51289856
446,1,999,49,63,4620,-1,13758981
447,1,0,63,13,24,24,46767975
448,1,0,41,4,24,24,1961295
449,1,0,4,30,24,24,30454424
450,1,0,62,34,24,24,27682534
451,1,999,6,1,4620,-1,27910414
452,1,999,14,61,4620,-1,1461331
453,1,999,26,27,4620,-1,9076995
454,1,999,55,44,4620,-1,19370671
455,1,0,30,32,24,24,16780220
456,1,999,1,33,4620,-1,27344598
457,1,999,47,60,4620,-1,2126049
458,1,0,21,61,24,24,15847640
459,1,0,16,40,24,24,1608869
460,1,0,50,30,24,24,40089079
461,1,999,61,43,4620,-1,44846031
462,1,0,22,33,24,24,12025102
463,1,999,32,34,4620,-1,26448875
464,1,0,27,33,24,24,43708836
465,1,999,5,55,4620,-1,4831651
466,1,999,23,6,4620,-1,43735041
467,1,0,48,59,24,24,11379227
468,1,999,43,4,4620,-1,44824342
469,1,0,36,58,24,24,31823469
470,1,999,40,11,4620,-1,43107376
471,1,999,13,52,4620,-1,37627058
472,1,0,50,4,24,24,44094648
473,1,999,55,52,4620,-1,27435602
474,1,0,59,56,24,24,12096414
475,1,0,22,55,24,24,16466907
476,1,0,9,57,24,24,17663927
477,1,0,19,31,24,24,27884174
478,1,999,60,54,4620,-1,23148235
479,1,0,49,35,24,24,29854853
480,1,0,27,4,24,24,5667176
481,1,999,36,41,4620,-1,38817008
482,1,0,42,28,24,24,24085669
483,1,999,26,6,4620,-1,39227203
484,1,999,57,54,4620,-1,16032776
485,1,999,35,48,4620,-1,31755207
486,1,0,40,29,24,24,10108148
487,1,0,4,61,24,24,42728183
488,1,0,43,13,24,24,35447063
489,1,0,0,2,24,24,47246398
490,1,0,19,22,24,24,22965973
491,1,0,40,10,24,24,50095616
492,1,999,49,37,4620,-1,1913276
493,1,999,13,54,4620,-1,15782699
494,1,0,33,50,24,24,5556718
495,1,0,37,8,24,24,9623072
496,1,0,44,48,24,24,8100264
497,1,999,36,27,4620,-1,3774691
498,1,999,22,54,4620,-1,34059041
499,1,0,46,16,24,24,5539510
500,1,0,36,32,24,24,45198492
501,1,0,28,31,24,24,15970557
502,1,999,63,56,4620,-1,19509311
503,1,999,32,25,4620,-1,148716
504,1,0,42,48,24,24,31413495
505,1,0,1,27,24,24,42329066
506,1,999,14,58,4620,-1,45487577
507,1,999,6,2,4620,-1,1584141
508,1,0,25,26,24,24,40277803
509,1,999,56,14,4620,-1,9173557
510,1,0,24,1,24,24,50541580
511,1,999,23,60,4620,-1,15414264
512,1,0,1,9,24,24,35212715
513,1,0,49,30,24,24,34220725
514,1,0,11,46,24,24,49677096
515,1,0,23,51,24,24,20226440
516,1,0,59,34,24,24,7022638
517,1,999,43,52,4620,-1,50906136
518,1,0,33,58,24,24,28178433
519,1,0,16,57,24,24,21175434
520,1,999,16,22,4620,-1,48202735
521,1,999,21,62,4620,-1,33493874
522,1,999,38,2,4620,-1,18426408
523,1,0,2,57,24,24,45963309
524,1,999,27,36,4620,-1,8259966
525,1,0,20,17,24,24,9346324
526,1,999,13,63,4620,-1,23078396
527,1,999,11,17,4620,-1,48729777
528,1,999,32,20,4620,-1,39918898
529,1,999,10,63,4620,-1,39680753
530,1,0,13,37,24,24,49337218
531,1,999,23,36,4620,-1,5665440
532,1,999,33,47,4620,-1,14226021
533,1,999,37,63,4620,-1,33026173
534,1,0,18,47,24,24,39622905
535,1,999,38,9,4620,-1,43357759
536,1,0,56,29,24,24,50239412
537,1,999,17,49,138600,-1,38116333
538,1,999,13,8,4620,-1,41873616
539,1,999,54,40,4620,-1,22943219
540,1,0,59,1,24,24,5474859
541,1,999,54,63,4620,-1,15517109
542,1,0,38,25,24,24,12079044
543,1,999,40,20,4620,-1,51074082
544,1,999,31,9,4620,-1,22593882
545,1,0,24,3,24,24,20405960
546,1,0,35,12,24,24,13469571
547,1,0,47,18,24,24,26379115
548,1,0,16,59,24,24,20630577
549,1,0,55,44,24,24,27264628
550,1,999,7,12,4620,-1,50138167
551,1,999,1,56,4620,-1,45854760
552,1,0,60,42,24,24,13217050
553,1,999,55,16,4620,-1,2099394
554,1,999,30,44,4620,-1,9866182
555,1,999,3,35,4620,-1,29288976
556,1,0,18,48,24,24,49119273
557,1,999,32,45,4620,-1,38953619
558,1,999,18,8,4620,-1,12837223
559,1,0,40,47,24,24,12345390
560,1,0,53,59,24,24,22898370
561,1,999,28,33,4620,-1,4949298
562,1,0,8,36,24,24,48607870
563,1,999,0,19,4620,-1,27340409
564,1,0,16,46,24,24,1599294
565,1,999,11,45,4620,-1,32192759
566,1,999,22,25,138600,-1,29458920
567,1,0,4,46,24,24,32004394
568,1,0,63,50,24,24,50476024
569,1,0,41,63,24,24,9843514
570,1,999,4,5,4620,-1,25133018
571,1,0,33,40,24,24,29208341
572,1,999,14,10,73920,-1,22934550
573,1,0,6,55,24,24,30914587
574,1,999,57,32,4620,-1,41069448
575,1,999,19,43,4620,-1,30305767
576,1,0,4,25,24,24,50444328
577,1,999,12,25,4620,-1,45931607
578,1,0,60,40,24,24,15375519
579,1,999,45,0,95480,-1,9815937
580,1,0,12,58,24,24,32486196
581,1,0,43,12,24,24,38119066
582,1,999,24,13,4620,-1,47839293
583,1,999,26,20,4620,-1,45070373
584,1,999,33,60,4620,-1,1092284
585,1,0,44,2,24,24,12649716
586,1,0,43,50,24,24,12268208
587,1,999,8,51,4620,-1,38360787
588,1,0,54,37,24,24,5052635
589,1,999,36,14,4620,-1,6234330
590,1,0,46,1,24,24,11677922
591,1,999,36,4,4620,-1,39584607
592,1,0,3,10,24,24,33679859
593,1,999,58,49,4620,-1,31778781
594,1,999,50,23,4620,-1,3431784
595,1,999,5,12,23100,-1,19867444
596,1,0,27,22,24,24,47232097
597,1,0,3,55,24,24,51165424
598,1,0,24,60,24,24,6425600
599,1,999,38,63,4620,-1,48473867
600,1,0,35,60,24,24,30039522
601,1,999,15,59,4620,-1,33467905
602,1,999,52,58,4620,-1,4078389
603,1,999,3,51,26180,-1,15053306
604,1,999,20,36,4620,-1,42220098
605,1,999,27,22,13860,-1,10626345
606,1,0,18,60,24,24,18843223
607,1,0,59,52,24,24,44433158
608,1,999,3,29,4620,-1,9234399
609,1,0,32,16,24,24,40874598
610,1,999,16,34,61600,-1,48578667
611,1,999,0,49,4620,-1,43652689
612,1,0,53,8,24,24,31319363
613,1,999,37,8,69300,-1,41626328
614,1,999,59,7,4620,-1,45654605
615,1,0,2,31,24,24,44559450
616,1,0,0,20,24,24,11959783
617,1,999,24,60,4620,-1,20348502
618,1,999,40,14,4620,-1,10954146
619,1,999,12,14,4620,-1,19768299
620,1,0,5,50,24,24,5250377
621,1,999,43,15,4620,-1,10804911
622,1,999,42,53,4620,-1,24804208
623,1,0,14,26,24,24,20468755
624,1,999,32,21,4620,-1,45372104
625,1,0,49,61,24,24,40946621
626,1,0,60,54,24,24,35613112
627,1,999,46,35,4620,-1,2820985
628,1,999,10,33,4620,-1,18418227
629,1,999,34,19,4620,-1,21760782
630,1,0,58,26,24,24,39600284
631,1,0,48,49,24,24,15773289
632,1,0,29,8,24,24,34335796
633,1,0,61,5,24,24,15367280
634,1,0,8,41,24,24,23552888
635,1,0,9,42,24,24,16003520
636,1,999,45,48,4620,-1,11908973
637,1,0,22,4,24,24,27528911
638,1,999,19,52,4620,-1,1036491
639,1,999,37,24,4620,-1,43601834
640,1,0,59,55,24,24,1627167
641,1,0,16,17,24,24,4759578
642,1,0,62,63,24,24,12845463
643,1,0,44,40,24,24,31829080
644,1,0,53,23,24,24,1739869
645,1,0,28,0,24,24,1279722
646,1,0,22,26,24,24,24600576
647,1,0,54,44,24,24,13543751
648,1,999,20,50,4620,-1,30153058
649,1,0,47,35,24,24,18396059
650,1,0,32,62,24,24,5580140
651,1,999,26,11,4620,-1,41959346
652,1,999,34,17,4620,-1,9435449
653,1,999,33,43,4620,-1,21002173
654,1,999,5,37,4620,-1,49168208
655,1,999,58,19,4620,-1,16131536
656,1,0,51,43,24,24,46035298
657,1,999,34,35,4620,-1,17147619
658,1,999,37,55,4620,-1,48550414
659,1,0,27,60,24,24,15635416
660,1,0,0,48,24,24,44585917
661,1,999,20,16,4620,-1,19004979
662,1,999,8,15,13860,-1,37268344
663,1,0,26,63,24,24,38074162
664,1,0,25,18,24,24,29173711
665,1,0,31,61,24,24,5809287
666,1,999,11,56,4620,-1,6747541
667,1,999,26,28,69300,-1,752443
668,1,999,58,41,4620,-1,31851819
669,1,999,1,46,13860,-1,35319341
670,1,999,8,54,4620,-1,16097068
671,1,999,19,2,4620,-1,34934762
672,1,0,14,49,24,24,35526259
673,1,999,14,61,4620,-1,7931783
674,1,0,18,57,24,24,39683387
675,1,0,63,9,24,24,16983888
676,1,0,56,8,24,24,42476859
677,1,999,4,8,4620,-1,24204087
678,1,999,22,36,4620,-1,5477304
679,1,999,2,53,4620,-1,31098058
680,1,0,13,25,24,24,31248795
681,1,0,14,57,24,24,21915461
682,1,999,10,63,4620,-1,7564040
683,1,999,55,16,4620,-1,42454222
684,1,0,28,27,24,24,49435980
685,1,0,28,0,24,24,36263953
686,1,0,37,59,24,24,41986476
687,1,0,41,34,24,24,1027625
688,1,999,13,0,4620,-1,42741971
689,1,0,23,28,24,24,4588818
690,1,999,45,34,4620,-1,12281875
691,1,999,40,21,4620,-1,45831592
692,1,999,44,47,4620,-1,47367074
693,1,999,14,52,4620,-1,46287877
694,1,0,26,55,24,24,8223259
695,1,999,0,39,4620,-1,50241936
696,1,0,47,55,24,24,11446118
697,1,0,30,2,24,24,7739500
698,1,999,48,54,4620,-1,28728446
699,1,999,50,54,4620,-1,36637213
700,1,0,44,13,24,24,44027549
701,1,0,16,17,24,24,40724942
702,1,0,25,35,24,24,11866009
703,1,0,30,37,24,24,36212046
704,1,999,47,4,4620,-1,41879922
705,1,0,54,8,24,24,47929019
706,1,999,36,22,4620,-1,9610765
707,1,0,16,57,24,24,47062959
708,1,0,50,26,24,24,18770991
709,1,0,4,30,24,24,23815527
710,1,999,28,12,4620,-1,41467504
711,1,999,5,45,4620,-1,16885588
712,1,999,30,38,90860,-1,34139113
713,1,999,57,19,4620,-1,48132993
714,1,999,16,50,4620,-1,22944300
715,1,0,19,63,24,24,46675518
716,1,999,26,57,4620,-1,17030242
717,1,999,34,1,4620,-1,41911342
718,1,999,36,39,4620,-1,6179898
719,1,0,48,35,24,24,36797002
720,1,999,0,21,4620,-1,4199597
721,1,999,47,24,4620,-1,50865473
722,1,0,12,4,24,24,31631249
723,1,999,63,10,4620,-1,14038088
724,1,999,44,1,4620,-1,335022
725,1,999,42,50,4620,-1,11359460
726,1,0,16,10,24,24,29845162
727,1,999,2,26,78540,-1,50225607
728,1,0,10,3,24,24,45372839
729,1,0,22,19,24,24,31325959
730,1,999,9,3,4620,-1,44275617
731,1,999,24,6,4620,-1,31823566
732,1,0,16,58,24,24,44609885
733,1,999,27,47,4620,-1,31303802
734,1,999,25,58,4620,-1,38872435
735,1,999,50,14,4620,-1,19895906
736,1,0,44,43,24,24,17358814
737,1,0,22,26,24,24,40574369
738,1,0,30,7,24,24,11284168
739,1,0,55,41,24,24,34820804
740,1,0,34,2,24,24,25428676
741,1,999,51,7,4620,-1,17261535
742,1,999,11,38,4620,-1,48455474
743,1,0,3,6,24,24,12753101
744,1,0,53,36,24,24,23069687
745,1,0,19,46,24,24,6545790
746,1,999,53,35,4620,-1,25386469
747,1,0,40,25,24,24,15998053
748,1,999,38,33,4620,-1,22656680
749,1,0,49,32,24,24,39620422
750,1,0,0,19,24,24,43280947
751,1,0,53,28,24,24,27299373
752,1,0,14,49,24,24,42379469
753,1,999,51,35,4620,-1,8918290
754,1,999,0,1,4620,-1,47330914
755,1,0,2,1,24,24,14827013
756,1,0,41,50,24,24,26521681
757,1,0,38,7,24,24,47502537
758,1,0,63,46,24,24,47314940
759,1,0,57,17,24,24,13552389
760,1,999,11,13,4620,-1,42633722
761,1,0,38,35,24,24,23539148
762,1,0,37,11,24,24,3744786
763,1,999,12,24,4620,-1,27359846
764,1,0,32,1,24,24,8910349
765,1,999,8,41,4620,-1,37537091
766,1,0,43,28,24,24,28768477
767,1,0,29,37,24,24,27083016
768,1,999,37,40,4620,-1,41752543
769,1,0,26,62,24,24,21731248
770,1,0,62,57,24,24,37464202
771,1,0,28,45,24,24,41397341
772,1,0,37,52,24,24,18618902
773,1,999,61,16,4620,-1,42133715
774,1,0,41,59,24,24,17866260
775,1,999,24,48,4620,-1,15430448
776,1,0,41,18,24,24,51008843
777,1,0,45,44,24,24,45254271
778,1,0,50,4,24,24,16399723
779,1,999,24,35,4620,-1,16202592
780,1,999,1,14,4620,-1,9235143
781,1,999,4,32,4620,-1,7246112
782,1,0,36,53,24,24,35977403
783,1,0,12,45,24,24,5104851
784,1,999,11,25,4620,-1,51360660
785,1,0,37,14,24,24,47848178
786,1,999,40,63,4620,-1,46127488
787,1,999,0,2,18480,-1,26509821
788,1,999,12,3,4620,-1,31925220
789,1,999,34,0,4620,-1,45594541
790,1,0,20,19,24,24,29442193
791,1,999,0,9,4620,-1,45593853
792,1,999,13,17,4620,-1,15020754
793,1,999,6,45,4620,-1,14089280
794,1,0,43,49,24,24,44911493
795,1,999,51,52,4620,-1,33448019
796,1,999,9,46,4620,-1,33210472
797,1,0,16,41,24,24,37869776
798,1,0,63,8,24,24,51004885
799,1,999,35,57,4620,-1,37428755
800,1,999,30,24,4620,-1,42525373
801,1,0,38,29,24,24,36059940
802,1,0,15,6,24,24,5469969
803,1,999,34,19,4620,-1,15718960
804,1,999,38,48,4620,-1,43659736
805,1,999,51,22,4620,-1,40227699
806,1,0,26,43,24,24,48840362
807,1,0,54,44,24,24,24257025
808,1,0,20,59,24,24,10810292
809,1,999,29,26,4620,-1,3901410
810,1,999,53,7,4620,-1,13133321
811,1,999,17,0,4620,-1,41966307
812,1,0,62,29,24,24,16309437
813,1,0,63,14,24,24,28681784
814,1,999,34,18,4620,-1,34495805
815,1,999,29,61,4620,-1,16761522
816,1,999,18,52,4620,-1,18861950
817,1,999,18,1,69300,-1,30074399
818,1,0,30,42,24,24,17461739
819,1,0,0,31,24,24,14625664
820,1,999,54,3,4620,-1,47651195
821,1,999,24,2,4620,-1,37362002
822,1,999,52,14,4620,-1,32707618
823,1,999,4,43,4620,-1,8529127
824,1,999,10,62,4620,-1,5676548
825,1,0,56,15,24,24,27655528
826,1,999,5,48,4620,-1,37394078
827,1,0,18,19,24,24,18986050
828,1,999,62,57,4620,-1,4228991
829,1,0,60,14,24,24,4180919
830,1,0,31,30,24,24,10630078
831,1,0,27,28,24,24,3448555
832,1,0,53,41,24,24,43023196
833,1,999,28,20,4620,-1,18328297
834,1,999,55,43,4620,-1,29572761
835,1,0,25,57,24,24,45345056
836,1,0,25,21,24,24,370633
837,1,0,19,5,24,24,18174139
838,1,999,34,14,4620,-1,50090465
839,1,0,53,40,24,24,8018186
840,1,0,14,5,24,24,19554935
841,1,0,27,55,24,24,35099196
842,1,0,19,55,24,24,39503728
843,1,999,5,6,69300,-1,25744255
844,1,0,56,42,24,24,24721345
845,1,0,33,48,24,24,25826392
846,1,0,29,37,24,24,40562586
847,1,0,35,18,24,24,26117830
848,1,0,22,41,24,24,39037896
849,1,999,24,28,4620,-1,14686410
850,1,999,13,14,4620,-1,22609272
851,1,999,15,13,4620,-1,50686014
852,1,999,16,43,4620,-1,20642404
853,1,0,59,48,24,24,42882827
854,1,999,11,5,4620,-1,29588798
855,1,0,48,46,24,24,451971
856,1,999,23,7,4620,-1,34884261
857,1,999,58,27,4620,-1,6656582
858,1,0,55,9,24,24,48915497
859,1,999,13,21,4620,-1,39189456
860,1,0,32,24,24,24,47862028
861,1,0,48,59,24,24,49400201
862,1,999,18,63,4620,-1,47536268
863,1,0,4,58,24,24,2627601
864,1,999,16,21,4620,-1,32195835
865,1,0,3,58,24,24,13422032
866,1,999,18,8,4620,-1,32063225
867,1,0,31,44,24,24,18900821
868,1,999,42,49,4620,-1,3576787
869,1,999,6,13,4620,-1,12141351
870,1,0,49,34,24,24,50262839
871,1,0,25,15,24,24,46795761
872,1,0,44,7,24,24,46204617
873,1,0,21,26,24,24,23135884
874,1,0,59,43,24,24,39308477
875,1,999,36,23,73920,-1,24072715
876,1,999,27,60,4620,-1,20039750
877,1,0,16,48,24,24,37406479
878,1,0,31,1,24,24,41715872
879,1,999,29,10,4620,-1,3208087
880,1,0,9,2,24,24,16000210
881,1,999,57,58,4620,-1,38233339
882,1,999,43,26,4620,-1,19079685
883,1,999,36,7,4620,-1,14116360
884,1,0,10,2,24,24,44806292
885,1,999,57,62,4620,-1,872976
886,1,999,52,12,4620,-1,34271953
887,1,0,19,60,24,24,48252478
888,1,999,33,47,4620,-1,5922107
889,1,0,5,17,24,24,32502032
890,1,999,13,40,4620,-1,22503289
891,1,999,33,40,9240,-1,269622
892,1,999,45,53,4620,-1,16497208
893,1,0,48,49,24,24,15443814
894,1,999,31,4,4620,-1,45275180
895,1,0,57,0,24,24,39863632
896,1,999,2,23,4620,-1,21056168
897,1,999,63,60,4620,-1,43214294
898,1,999,39,34,4620,-1,41629414
899,1,0,30,24,24,24,16072303
900,1,999,16,30,4620,-1,24179625
901,1,999,17,2,4620,-1,37976725
902,1,999,36,22,4620,-1,29154236
903,1,999,37,33,4620,-1,31226361
904,1,999,60,28,4620,-1,2883771
905,1,999,2,60,9240,-1,16315417
906,1,0,10,48,24,24,8614104
907,1,999,19,22,4620,-1,49662520
908,1,0,48,57,24,24,48225725
909,1,999,30,15,4620,-1,15090580
910,1,0,49,56,24,24,4184365
911,1,0,57,27,24,24,25940718
912,1,0,50,46,24,24,43765072
913,1,0,17,9,24,24,1314919
914,1,999,60,12,4620,-1,47834583
915,1,0,63,10,24,24,37497941
916,1,999,4,8,4620,-1,41157839
917,1,0,10,36,24,24,2407093
918,1,999,33,14,4620,-1,17775600
919,1,0,39,10,24,24,2442086
920,1,999,2,61,4620,-1,30746504
921,1,0,15,52,24,24,39136246
922,1,999,31,28,4620,-1,40910366
923,1,0,38,27,24,24,47690566
924,1,0,36,53,24,24,1264
925,1,999,54,57,4620,-1,42203824
926,1,999,39,51,4620,-1,23695356
927,1,0,7,52,24,24,10002375
928,1,999,46,21,4620,-1,8819987
929,1,999,38,51,4620,-1,42257018
930,1,999,38,51,4620,-1,27805599
931,1,999,15,45,4620,-1,40788736
932,1,0,2,5,24,24,37110323
933,1,0,33,8,24,24,47995521
934,1,0,30,36,24,24,22696431
935,1,0,18,8,24,24,40424741
936,1,0,22,39,24,24,39487981
937,1,999,61,11,4620,-1,18357193
938,1,999,33,34,4620,-1,13433788
939,1,999,2,8,4620,-1,44678368
940,1,0,4,32,24,24,39315570
941,1,0,17,4,24,24,26491486
942,1,999,23,45,4620,-1,42965209
943,1,0,49,4,24,24,14052483
944,1,999,16,8,138600,-1,7351727
945,1,0,2,32,24,24,982737
946,1,0,21,43,24,24,5979036
947,1,0,37,11,24,24,44775754
948,1,0,41,20,24,24,42950648
949,1,999,34,62,4620,-1,23085891
950,1,0,39,14,24,24,39191838
951,1,999,33,50,4620,-1,26938521
952,1,999,25,40,4620,-1,3843365
953,1,999,25,50,4620,-1,14078044
954,1,0,29,30,24,24,35268469
955,1,0,0,12,24,24,17129325
956,1,999,54,43,4620,-1,44682793
957,1,999,61,60,4620,-1,50314353
958,1,0,0,44,24,24,43822797
959,1,0,17,2,24,24,40379367
960,1,999,19,51,4620,-1,29541724
961,1,0,3,35,24,24,39476227
962,1,0,34,13,24,24,50823311
963,1,0,52,56,24,24,19689628
964,1,0,60,14,24,24,41384357
965,1,0,28,35,24,24,24961226
966,1,999,55,20,69300,-1,3949378
967,1,0,13,54,24,24,11101793
968,1,999,0,13,4620,-1,40347946
969,1,0,45,34,24,24,51394345
970,1,999,45,11,9240,-1,25255033
971,1,999,1,36,4620,-1,18551465
972,1,999,25,49,4620,-1,21983383
973,1,999,3,2,4620,-1,22438588
974,1,0,3,49,24,24,41331119
975,1,0,57,32,24,24,16994449
976,1,999,35,15,4620,-1,51191613
977,1,999,33,4,4620,-1,46270456
978,1,0,26,20,24,24,41478488
979,1,0,51,0,24,24,46222194
980,1,999,4,3,4620,-1,41682155
981,1,999,19,6,4620,-1,933580
982,1,999,37,60,4620,-1,21442468
983,1,999,48,34,4620,-1,42509099
984,1,0,34,50,24,24,24192637
985,1,0,45,10,24,24,14559902
986,1,999,13,6,4620,-1,8126574
987,1,999,7,8,4620,-1,651438
988,1,999,10,0,4620,-1,38718535
989,1,999,2,9,4620,-1,33827835
990,1,0,16,6,24,24,8230067
991,1,0,61,36,24,24,38600387
992,1,0,14,1,24,24,49782262
993,1,999,0,23,4620,-1,10718539
994,1,0,15,57,24,24,24117363
995,1,0,3,22,24,24,20481945
996,1,0,4,49,24,24,17662875
997,1,999,20,46,4620,-1,3337253
998,1,0,14,42,24,24,31418879
999,1,999,34,6,4620,-1,48763853
1000,1,999,28,33,4620,-1,32364726
1001,1,0,44,52,24,24,1194138
1002,1,999,1,53,4620,-1,46004971
1003,1,999,17,41,69300,-1,625254
1004,1,999,30,31,4620,-1,41343170
1005,1,0,61,4,24,24,43835285
1006,1,0,3,58,24,24,18707357
1007,1,999,23,60,4620,-1,44118533
1008,1,999,45,9,4620,-1,25827495
1009,1,0,5,12,24,24,34706848
1010,1,999,24,56,4620,-1,24956800
1011,1,0,54,22,24,24,10813025
1012,1,0,19,10,24,24,14831624
1013,1,0,8,9,24,24,15500731
1014,1,0,62,1,24,24,10179401
1015,1,0,29,2,24,24,21271617
1016,1,999,30,6,4620,-1,14154630
1017,1,999,60,51,4620,-1,22449252
1018,1,0,44,42,24,24,27278972
1019,1,999,15,14,4620,-1,43816416
1020,1,0,57,63,24,24,18756918
1021,1,999,8,1,9240,-1,2247615
1022,1,999,0,43,4620,-1,45114753
1023,1,0,20,42,24,24,18170692
1024,1,0,0,44,24,24,16165470
1025,1,0,32,13,24,24,24596544
1026,1,0,45,20,24,24,44589106
1027,1,999,54,49,4620,-1,14078536
1028,1,0,47,11,24,24,41801708
1029,1,999,35,59,9240,-1,5410034
1030,1,0,40,61,24,24,38138874
1031,1,0,4,55,24,24,32440121
1032,1,0,20,62,24,24,42045535
1033,1,999,2,36,4620,-1,49086128
1034,1,999,37,62,4620,-1,51088486
1035,1,999,32,55,4620,-1,4227929
1036,1,0,16,40,24,24,43636823
1037,1,999,49,59,4620,-1,37492301
1038,1,0,59,52,24,24,9065379
1039,1,999,1,16,4620,-1,6831389
1040,1,0,51,62,24,24,20283404
1041,1,0,60,48,24,24,35637826
1042,1,999,3,11,4620,-1,45279732
1043,1,999,22,2,4620,-1,14427289
1044,1,0,31,47,24,24,18475001
1045,1,0,57,40,24,24,6250269
1046,1,0,47,23,24,24,47127036
1047,1,0,4,54,24,24,29496710
1048,1,0,29,12,24,24,36000391
1049,1,999,30,44,4620,-1,19234217
1050,1,999,19,47,4620,-1,39587101
1051,1,0,20,51,24,24,4242138
1052,1,0,4,56,24,24,39171413
1053,1,999,27,13,4620,-1,45411797
1054,1,0,24,42,24,24,34206848
1055,1,999,10,60,4620,-1,32698922
1056,1,0,4,48,24,24,9123295
1057,1,999,30,23,4620,-1,38495172
1058,1,0,54,45,24,24,35024131
1059,1,0,1,24,24,24,39826692
1060,1,999,33,34,4620,-1,39866520
1061,1,999,6,7,4620,-1,45722991
1062,1,0,0,32,24,24,42293478
1063,1,0,59,58,24,24,15757306
1064,1,0,2,50,24,24,4740438
1065,1,999,9,45,4620,-1,48413575
1066,1,0,27,17,24,24,29729853
1067,1,999,7,46,4620,-1,21268175
1068,1,999,24,48,4620,-1,33237893
1069,1,999,8,58,4620,-1,44163427
1070,1,999,55,44,4620,-1,31734314
1071,1,999,60,53,4620,-1,11074942
1072,1,999,22,24,4620,-1,27665008
1073,1,0,29,20,24,24,48855649
1074,1,999,6,29,4620,-1,2381072
1075,1,0,6,48,24,24,24011256
1076,1,0,6,34,24,24,1530526
1077,1,0,8,0,24,24,28448038
1078,1,999,61,15,4620,-1,47527257
1079,1,999,38,10,4620,-1,15316178
1080,1,999,13,40,4620,-1,42196647
1081,1,0,15,56,24,24,36395470
1082,1,0,35,15,24,24,39139136
1083,1,0,24,8,24,24,36224087
1084,1,0,51,32,24,24,40470079
1085,1,0,9,40,24,24,29172104
1086,1,0,28,0,24,24,1343336
1087,1,999,1,28,13860,-1,33844122
1088,1,0,30,35,24,24,44590656
1089,1,0,13,47,24,24,35852518
1090,1,999,9,54,4620,-1,46001082
1091,1,0,6,46,24,24,44090439
1092,1,999,21,53,4620,-1,30084469
1093,1,999,13,17,4620,-1,31691935
1094,1,999,17,63,4620,-1,19982247
1095,1,999,24,25,4620,-1,49522028
1096,1,0,51,2,24,24,42133450
1097,1,0,15,53,24,24,42874513
1098,1,999,13,53,4620,-1,47061149
1099,1,999,41,15,4620,-1,1263107
1100,1,0,7,50,24,24,19448380
1101,1,999,48,0,4620,-1,37020699
1102,1,999,35,33,4620,-1,11884081
1103,1,0,11,30,24,24,36148874
1104,1,0,4,17,24,24,34074760
1105,1,999,50,45,4620,-1,34829116
1106,1,0,50,43,24,24,560831
1107,1,0,47,51,24,24,13607013
1108,1,0,61,43,24,24,29775257
1109,1,999,56,16,4620,-1,17362318
1110,1,0,3,16,24,24,42631590
1111,1,0,61,58,24,24,38289069
1112,1,0,33,49,24,24,24575296
1113,1,999,22,62,4620,-1,40205070
1114,1,999,15,46,4620,-1,49546963
1115,1,999,18,63,4620,-1,46309904
1116,1,0,28,29,24,24,48648989
1117,1,999,39,5,4620,-1,33928962
1118,1,999,23,48,4620,-1,48004285
1119,1,0,3,22,24,24,38997764
1120,1,0,45,20,24,24,31307250
1121,1,0,19,53,24,24,9636133
1122,1,999,5,19,4620,-1,16548888
1123,1,999,37,24,4620,-1,38218856
1124,1,0,15,6,24,24,37159766
1125,1,0,2,28,24,24,5109672
1126,1,0,24,39,24,24,43598866
1127,1,999,12,44,4620,-1,10480659
1128,1,0,3,28,24,24,48934371
1129,1,999,3,43,4620,-1,34739874
1130,1,999,63,4,4620,-1,13636100
1131,1,999,38,14,4620,-1,12168800
1132,1,999,18,50,9240,-1,35079994
1133,1,0,15,20,24,24,37203628
1134,1,0,50,54,24,24,32301601
1135,1,0,33,39,24,24,7053978
1136,1,0,15,60,24,24,2882344
1137,1,0,6,50,24,24,10128866
1138,1,999,4,25,4620,-1,16382591
1139,1,999,41,56,4620,-1,5419531
1140,1,999,6,55,4620,-1,39919402
1141,1,0,10,46,24,24,45061432
1142,1,999,26,7,4620,-1,16820791
1143,1,999,8,54,4620,-1,25629503
1144,1,999,46,36,4620,-1,5939793
1145,1,999,11,6,4620,-1,44330383
1146,1,999,11,43,4620,-1,20789080
1147,1,0,38,14,24,24,13695059
1148,1,999,5,58,4620,-1,37214502
1149,1,999,17,28,4620,-1,43304320
1150,1,0,14,38,24,24,26226136
1151,1,999,24,63,4620,-1,909478
1152,1,0,27,43,24,24,44974926
1153,1,0,60,35,24,24,15490088
1154,1,0,7,22,24,24,39515343
1155,1,999,26,5,4620,-1,4599026
1156,1,0,46,40,24,24,50599535
1157,1,999,55,2,4620,-1,5256658
1158,1,0,16,51,24,24,37484209
1159,1,0,55,23,24,24,16741723
1160,1,999,14,57,4620,-1,41132030
1161,1,999,31,18,4620,-1,30801620
1162,1,0,20,13,24,24,11569229
1163,1,999,11,5,69300,-1,16950256
1164,1,999,17,49,4620,-1,42887262
1165,1,999,40,36,4620,-1,38224759
1166,1,999,21,12,4620,-1,36425922
1167,1,0,34,20,24,24,32888940
1168,1,999,62,63,4620,-1,24926035
1169,1,0,56,40,24,24,29730216
1170,1,999,62,26,4620,-1,13933749
1171,1,999,32,11,4620,-1,39761832
1172,1,0,11,60,24,24,3334823
1173,1,0,40,4,24,24,14723894
1174,1,0,20,44,24,24,45761584
1175,1,0,56,51,24,24,5684889
1176,1,999,25,47,4620,-1,38805952
1177,1,999,2,13,4620,-1,34980818
1178,1,0,30,58,24,24,24814462
1179,1,999,8,47,4620,-1,51379087
1180,1,999,49,4,4620,-1,13299334
1181,1,0,2,6,24,24,31460750
1182,1,0,22,59,24,24,36321012
1183,1,0,30,7,24,24,44258046
1184,1,999,36,6,4620,-1,45126674
1185,1,999,54,62,4620,-1,10808433
1186,1,0,30,1,24,24,17949711
1187,1,999,24,20,4620,-1,29795296
1188,1,0,42,57,24,24,33978623
1189,1,999,34,44,4620,-1,5469427
1190,1,0,36,29,24,24,16692479
1191,1,0,60,42,24,24,25907356
1192,1,0,32,3,24,24,27187777
1193,1,0,16,46,24,24,45104615
1194,1,999,27,28,4620,-1,44941221
1195,1,999,42,29,4620,-1,2758346
1196,1,0,16,19,24,24,23098639
1197,1,0,57,6,24,24,36420941
1198,1,0,61,6,24,24,16809455
1199,1,0,14,18,24,24,40840631
1200,1,0,18,29,24,24,24011477
1201,1,999,61,8,4620,-1,31571477
1202,1,999,61,16,26180,-1,51364234
1203,1,0,9,35,24,24,1244817
1204,1,999,18,31,4620,-1,48627837
1205,1,999,61,55,52360,-1,28737269
1206,1,999,41,33,4620,-1,4058030
1207,1,0,24,25,24,24,42395718
1208,1,999,18,61,4620,-1,15017512
1209,1,0,13,16,24,24,47545174
1210,1,999,24,39,4620,-1,40105665
1211,1,0,18,5,24,24,12135842
1212,1,999,54,31,4620,-1,9004104
1213,1,0,58,49,24,24,39647465
1214,1,999,37,34,4620,-1,14327226
1215,1,999,24,45,4620,-1,39396046
1216,1,0,49,15,24,24,2508141
1217,1,0,30,3,24,24,155231
1218,1,0,40,6,24,24,10880207
1219,1,0,6,43,24,24,33007868
1220,1,999,47,25,69300,-1,14656765
1221,1,999,59,35,4620,-1,23972745
1222,1,0,60,1,24,24,2889661
1223,1,0,49,20,24,24,1367657
1224,1,0,17,37,24,24,24991303
1225,1,999,29,62,4620,-1,37926955
1226,1,999,40,38,4620,-1,25075604
1227,1,999,27,3,4620,-1,17482283
1228,1,999,15,57,4620,-1,7935599
1229,1,0,45,2,24,24,38049053
1230,1,999,31,26,4620,-1,23187375
1231,1,999,31,10,4620,-1,4500299
1232,1,999,15,44,4620,-1,47898989
1233,1,999,23,25,4620,-1,23775587
1234,1,0,62,12,24,24,6884613
1235,1,999,2,14,4620,-1,36996834
1236,1,999,10,4,4620,-1,16937022
1237,1,999,36,46,4620,-1,5316827
1238,1,0,55,30,24,24,1707777
1239,1,999,47,5,4620,-1,3966666
1240,1,0,47,56,24,24,6502448
1241,1,999,35,9,4620,-1,39975036
1242,1,0,6,33,24,24,14250636
1243,1,999,56,15,4620,-1,51196542
1244,1,999,24,37,4620,-1,34109406
1245,1,999,0,5,4620,-1,5092906
1246,1,999,12,48,4620,-1,20561892
1247,1,999,37,51,4620,-1,25304014
1248,1,999,0,58,4620,-1,12648040
1249,1,0,21,45,24,24,3785466
1250,1,999,48,36,4620,-1,8764478
1251,1,0,15,30,24,24,18268596
1252,1,0,59,48,24,24,29605598
1253,1,999,0,17,87780,-1,11862457
1254,1,999,14,50,4620,-1,35317325
1255,1,0,32,11,24,24,21967932
1256,1,0,0,53,24,24,28886818
1257,1,0,16,35,24,24,22587111
1258,1,999,37,18,4620,-1,22134385
1259,1,999,31,45,133980,-1,2230791
1260,1,999,43,52,4620,-1,9024978
1261,1,999,36,17,73920,-1,37262700
1262,1,0,47,33,24,24,16015718
1263,1,0,12,19,24,24,1808069
1264,1,0,0,43,24,24,31115570
1265,1,0,14,46,24,24,7270195
1266,1,999,26,37,4620,-1,46162377
1267,1,0,27,45,24,24,222362
1268,1,999,48,57,4620,-1,47591295
1269,1,999,7,55,4620,-1,45438151
1270,1,999,36,28,4620,-1,32984440
1271,1,0,5,6,24,24,19948043
1272,1,0,36,6,24,24,26465902
1273,1,999,50,13,4620,-1,43387805
1274,1,0,25,61,24,24,50297669
1275,1,0,26,29,24,24,23805381
1276,1,0,59,43,24,24,35709307
1277,1,0,9,11,24,24,41574768
1278,1,0,33,12,24,24,44091634
1279,1,0,18,63,24,24,42201613
1280,1,999,2,45,4620,-1,39893202
1281,1,999,60,24,4620,-1,27672370
1282,1,0,7,31,24,24,20173870
1283,1,999,53,5,4620,-1,13224337
1284,1,999,53,4,4620,-1,37712052
1285,1,999,14,63,4620,-1,29220305
1286,1,0,8,27,24,24,30468502
1287,1,999,49,30,4620,-1,2451301
1288,1,999,25,48,4620,-1,27348128
1289,1,0,9,13,24,24,8332221
1290,1,0,11,9,24,24,31717153
1291,1,999,14,48,4620,-1,21008398
1292,1,999,3,50,4620,-1,47753713
1293,1,0,32,48,24,24,35197409
1294,1,0,4,14,24,24,49792264
1295,1,0,43,48,24,24,43330197
1296,1,999,9,32,4620,-1,18526079
1297,1,0,49,39,24,24,31480695
1298,1,0,2,30,24,24,45551681
1299,1,0,17,25,24,24,16625655
1300,1,0,41,29,24,24,36721824
1301,1,999,53,11,4620,-1,15270489
1302,1,0,61,20,24,24,20001387
1303,1,0,30,52,24,24,40154768
1304,1,999,27,26,95480,-1,14363528
1305,1,999,41,60,4620,-1,6193545
1306,1,0,34,63,24,24,2865996
1307,1,0,23,53,24,24,28831034
1308,1,0,29,43,24,24,22880149
1309,1,0,63,12,24,24,37054615
1310,1,999,8,20,4620,-1,21960468
1311,1,999,14,61,4620,-1,45804689
1312,1,999,35,10,4620,-1,2080263
1313,1,999,10,35,4620,-1,42019928
1314,1,0,10,7,24,24,36222009
1315,1,999,10,62,4620,-1,33475088
1316,1,999,42,24,73920,-1,15036596
1317,1,999,4,32,4620,-1,14839228
1318,1,0,52,0,24,24,46089766
1319,1,0,7,60,24,24,50416394
1320,1,999,12,41,4620,-1,27570697
1321,1,999,21,62,4620,-1,18154226
1322,1,0,19,16,24,24,26861538
1323,1,999,21,14,4620,-1,42058845
1324,1,999,22,11,4620,-1,36216689
1325,1,0,39,59,24,24,22856077
1326,1,999,2,34,4620,-1,35638145
1327,1,0,26,8,24,24,21295913
1328,1,999,5,12,4620,-1,45440338
1329,1,0,63,25,24,24,14970962
1330,1,0,25,16,24,24,16913368
1331,1,999,59,47,4620,-1,33470657
1332,1,999,3,2,4620,-1,44128398
1333,1,0,57,19,24,24,2672397
1334,1,0,20,31,24,24,50491531
1335,1,999,13,1,4620,-1,38456479
1336,1,999,36,54,73920,-1,40686561
1337,1,999,6,2,4620,-1,4151409
1338,1,0,32,7,24,24,9718189
1339,1,0,34,3,24,24,41566280
1340,1,999,58,37,4620,-1,45686162
1341,1,999,54,5,4620,-1,2365636
1342,1,0,26,46,24,24,32586432
1343,1,0,4,53,24,24,30291483
1344,1,999,11,44,4620,-1,19960377
1345,1,0,55,57,24,24,37948901
1346,1,0,15,13,24,24,49399913
1347,1,999,6,56,4620,-1,33690497
1348,1,999,52,57,4620,-1,92890
1349,1,0,19,5,24,24,45133267
1350,1,0,10,14,24,24,46593089
1351,1,0,16,29,24,24,15036665
1352,1,0,17,44,24,24,26214417
1353,1,0,46,54,24,24,26946634
1354,1,0,31,53,24,24,10625037
1355,1,0,26,52,24,24,289600
1356,1,999,25,53,4620,-1,12263687
1357,1,999,13,55,4620,-1,47722433
1358,1,999,24,15,4620,-1,34635350
1359,1,999,14,11,4620,-1,7083203
1360,1,999,33,26,4620,-1,24859564
1361,1,999,0,48,4620,-1,48775916
1362,1,0,41,0,24,24,31244478
1363,1,999,24,23,69300,-1,6711565
1364,1,0,46,29,24,24,6972224
1365,1,0,23,7,24,24,31082
1366,1,999,38,61,4620,-1,12195270
1367,1,999,7,55,4620,-1,2242904
1368,1,0,41,35,24,24,12753027
1369,1,0,11,24,24,24,29011677
1370,1,999,14,47,4620,-1,13159395
1371,1,0,27,7,24,24,9446107
1372,1,999,16,52,4620,-1,49305302
1373,1,0,49,21,24,24,49442757
1374,1,0,28,0,24,24,41046600
1375,1,0,32,1,24,24,47997211
1376,1,0,6,23,24,24,26708969
1377,1,0,4,20,24,24,22642691
1378,1,0,20,17,24,24,5436885
1379,1,999,22,14,138600,-1,46447690
1380,1,0,11,48,24,24,40407817
1381,1,0,35,25,24,24,1534089
1382,1,0,40,38,24,24,17889305
1383,1,999,54,11,4620,-1,21131811
1384,1,999,10,9,4620,-1,27791791
1385,1,999,38,17,4620,-1,29603646
1386,1,999,22,44,4620,-1,44791851
1387,1,0,35,58,24,24,45025741
1388,1,999,59,60,4620,-1,21735628
1389,1,0,19,55,24,24,43373104
1390,1,999,37,40,9240,-1,39183710
1391,1,999,11,49,4620,-1,9834402
1392,1,0,47,21,24,24,45913638
1393,1,999,55,52,4620,-1,39689890
1394,1,999,8,43,4620,-1,13577422
1395,1,999,40,61,4620,-1,20798901
1396,1,0,53,61,24,24,46208204
1397,1,999,12,43,4620,-1,47187490
1398,1,999,56,59,4620,-1,32939865
1399,1,0,18,51,24,24,20490171
1400,1,999,11,22,138600,-1,48539581
1401,1,0,37,8,24,24,7867546
1402,1,999,13,25,138600,-1,54975
1403,1,0,11,45,24,24,49301888
1404,1,0,59,7,24,24,36958648
1405,1,0,58,43,24,24,15989334
1406,1,999,2,22,73920,-1,42931113
1407,1,999,25,47,4620,-1,32839209
1408,1,0,44,54,24,24,29743887
1409,1,0,42,13,24,24,11402788
1410,1,0,17,27,24,24,44262088
1411,1,0,29,61,24,24,42017650
1412,1,999,30,22,4620,-1,18388608
1413,1,999,41,38,4620,-1,48687997
1414,1,999,19,56,4620,-1,36909053
1415,1,0,39,6,24,24,29182542
1416,1,999,35,63,4620,-1,13982695
1417,1,999,48,52,4620,-1,30395898
1418,1,999,32,12,4620,-1,2239080
1419,1,999,53,5,4620,-1,32791424
1420,1,0,34,8,24,24,20296530
1421,1,999,14,40,69300,-1,1221524
1422,1,0,35,58,24,24,16192762
1423,1,999,54,61,4620,-1,40822444
1424,1,999,19,40,4620,-1,30192243
1425,1,0,7,27,24,24,7390155
1426,1,0,4,10,24,24,7880939
1427,1,0,10,13,24,24,50869454
1428,1,999,15,9,69300,-1,24109567
1429,1,999,15,46,4620,-1,36266924
1430,1,0,46,7,24,24,4059209
1431,1,999,24,8,4620,-1,9575528
1432,1,0,17,32,24,24,5450945
1433,1,0,29,52,24,24,32066154
1434,1,999,31,56,4620,-1,32624234
1435,1,0,55,43,24,24,7443293
1436,1,0,7,59,24,24,16070429
1437,1,0,11,59,24,24,7337414
1438,1,999,6,47,4620,-1,21117143
1439,1,0,0,26,24,24,31075425
1440,1,999,34,55,4620,-1,17756373
1441,1,999,4,39,4620,-1,29841711
1442,1,999,1,17,4620,-1,44346336
1443,1,0,33,56,24,24,39721017
1444,1,0,29,20,24,24,12943872
1445,1,0,16,52,24,24,28973931
1446,1,999,2,56,4620,-1,29856718
1447,1,0,3,20,24,24,46349067
1448,1,0,43,59,24,24,34468941
1449,1,0,5,51,24,24,48543821
1450,1,999,18,42,4620,-1,45516238
1451,1,0,36,5,24,24,50926724
1452,1,0,13,33,24,24,38525273
1453,1,0,11,3,24,24,35691780
1454,1,999,8,1,4620,-1,36537768
1455,1,0,32,13,24,24,41128758
1456,1,0,17,52,24,24,51202649
1457,1,0,32,22,24,24,15135943
1458,1,0,19,33,24,24,4160273
1459,1,0,17,1,24,24,22362691
1460,1,999,44,31,40040,-1,2633620
1461,1,999,54,39,4620,-1,50677386
1462,1,0,63,29,24,24,5593493
1463,1,0,17,18,24,24,21455293
1464,1,0,48,18,24,24,29361493
1465,1,999,35,11,4620,-1,42177290
1466,1,999,11,32,4620,-1,3780432
1467,1,0,28,44,24,24,40876546
1468,1,0,31,50,24,24,43138737
1469,1,999,29,2,4620,-1,23962762
1470,1,999,58,44,4620,-1,39841779
1471,1,0,42,43,24,24,20285181
1472,1,0,25,5,24,24,32898759
1473,1,999,44,40,4620,-1,14689311
1474,1,0,8,48,24,24,18005041
1475,1,0,49,5,24,24,39633504
1476,1,0,3,60,24,24,30457074
1477,1,999,49,21,9240,-1,34292962
1478,1,0,44,2,24,24,37250810
1479,1,0,30,47,24,24,20126011
1480,1,0,47,19,24,24,6140213
1481,1,0,19,42,24,24,47902793
1482,1,0,44,13,24,24,31315849
1483,1,999,42,4,4620,-1,39906320
1484,1,999,51,57,4620,-1,7780134
1485,1,999,62,4,4620,-1,50913068
1486,1,999,13,24,4620,-1,39587919
1487,1,0,4,20,24,24,44242945
1488,1,999,16,33,4620,-1,21179863
1489,1,0,63,7,24,24,14381544
1490,1,0,37,10,24,24,16636624
1491,1,999,35,60,4620,-1,31915635
1492,1,999,29,23,4620,-1,31438357
1493,1,999,39,18,4620,-1,8668648
1494,1,999,9,4,4620,-1,19062550
1495,1,999,49,46,4620,-1,30536444
1496,1,0,63,36,24,24,31620170
1497,1,999,25,56,4620,-1,34223121
1498,1,0,9,39,24,24,40197833
1499,1,999,15,62,4620,-1,35088747
1500,1,999,13,51,4620,-1,20338340
1501,1,0,18,10,24,24,36013149
1502,1,0,10,49,24,24,2193849
1503,1,0,38,8,24,24,8303887
1504,1,999,10,54,40040,-1,28932070
1505,1,999,52,49,78540,-1,43784788
1506,1,0,38,26,24,24,13805814
1507,1,0,46,56,24,24,22379658
1508,1,0,62,12,24,24,49390183
1509,1,0,42,19,24,24,31974670
1510,1,0,25,3,24,24,29164437
1511,1,999,43,10,69300,-1,44622688
1512,1,999,7,48,4620,-1,30096279
1513,1,999,51,61,4620,-1,42492460
1514,1,999,0,43,4620,-1,15575403
1515,1,0,3,19,24,24,41662032
1516,1,999,23,42,4620,-1,27033416
1517,1,0,17,35,24,24,31903523
1518,1,0,14,48,24,24,4025937
1519,1,0,55,33,24,24,37120958
1520,1,999,22,52,66220,-1,14542163
1521,1,0,58,17,24,24,5153150
1522,1,0,42,2,24,24,18376996
1523,1,999,0,8,4620,-1,6380241
1524,1,999,50,43,4620,-1,30681298
1525,1,0,21,38,24,24,47212213
1526,1,999,48,54,73920,-1,9217314
1527,1,0,59,30,24,24,8637459
1528,1,0,33,34,24,24,12280703
1529,1,0,34,25,24,24,26774461
1530,1,0,62,19,24,24,12560959
1531,1,999,26,18,9240,-1,29236152
1532,1,999,43,5,4620,-1,20846213
1533,1,999,53,56,4620,-1,22676250
1534,1,999,55,62,4620,-1,22986106
1535,1,0,38,37,24,24,22694979
1536,1,0,41,4,24,24,20856133
1537,1,0,56,15,24,24,17589549
1538,1,0,30,45,24,24,25062881
1539,1,0,5,6,24,24,27177306
1540,1,0,25,32,24,24,9924335
1541,1,999,17,12,4620,-1,12098077
1542,1,0,3,52,24,24,30904917
1543,1,0,39,38,24,24,5413362
1544,1,0,47,26,24,24,47814904
1545,1,999,51,55,4620,-1,17396898
1546,1,0,30,51,24,24,20946329
1547,1,0,38,35,24,24,46259789
1548,1,0,42,19,24,24,21758039
1549,1,0,8,57,24,24,11784378
1550,1,999,7,51,4620,-1,37775891
1551,1,999,13,37,4620,-1,35841372
1552,1,999,15,36,4620,-1,44831787
1553,1,999,19,26,4620,-1,14974345
1554,1,999,27,1,4620,-1,22445667
1555,1,999,52,20,4620,-1,4696583
1556,1,999,53,8,4620,-1,5937711
1557,1,0,19,1,24,24,6740669
1558,1,0,63,19,24,24,33343040
1559,1,0,30,2,24,24,30669451
1560,1,0,5,49,24,24,25481213
1561,1,0,20,48,24,24,8221647
1562,1,999,16,56,4620,-1,42254137
1563,1,999,36,7,4620,-1,33091367
1564,1,0,55,63,24,24,23174592
1565,1,999,36,17,4620,-1,25240246
1566,1,0,32,49,24,24,7863888
1567,1,999,9,7,4620,-1,41844707
1568,1,999,30,7,4620,-1,2900745
1569,1,0,8,57,24,24,41112277
1570,1,999,31,52,4620,-1,2917803
1571,1,999,10,52,4620,-1,41107700
1572,1,999,28,9,4620,-1,34310103
1573,1,0,18,63,24,24,37061501
1574,1,999,3,61,4620,-1,4115231
1575,1,0,7,17,24,24,39283641
1576,1,999,4,39,4620,-1,29526582
1577,1,0,56,63,24,24,28401134
1578,1,0,47,61,24,24,13944702
1579,1,0,27,13,24,24,26802897
1580,1,0,37,58,24,24,36997050
1581,1,999,49,3,4620,-1,42658052
1582,1,999,30,42,4620,-1,3709688
1583,1,0,9,42,24,24,34208882
1584,1,0,18,1,24,24,28224740
1585,1,999,29,30,4620,-1,5657526
1586,1,0,3,4,24,24,47971519
1587,1,0,54,51,24,24,47977235
1588,1,0,32,15,24,24,15500724
1589,1,0,25,11,24,24,34357300
1590,1,999,44,19,4620,-1,41828611
1591,1,999,24,48,4620,-1,19922549
1592,1,0,57,34,24,24,49759746
1593,1,999,54,46,4620,-1,31339981
1594,1,999,14,12,4620,-1,18085014
1595,1,999,24,42,4620,-1,17466276
1596,1,999,48,51,4620,-1,3256981
1597,1,999,36,55,4620,-1,18305970
1598,1,999,30,0,4620,-1,30160194
1599,1,999,63,21,4620,-1,9376199
1600,1,0,18,23,24,24,16394849
1601,1,999,31,3,4620,-1,21924859
1602,1,999,46,26,13860,-1,30258311
1603,1,0,41,50,24,24,24082588
1604,1,999,27,11,9240,-1,31896311
1605,1,999,32,23,4620,-1,29396739
1606,1,0,13,32,24,24,45089048
1607,1,0,3,41,24,24,24200499
1608,1,999,5,47,4620,-1,1907196
1609,1,0,54,46,24,24,32625857
1610,1,0,17,4,24,24,19449974
1611,1,0,63,59,24,24,50402969
1612,1,0,63,57,24,24,49743615
1613,1,999,43,24,9240,-1,12961897
1614,1,999,7,49,4620,-1,30460240
1615,1,0,5,8,24,24,32437358
1616,1,0,57,24,24,24,11121046
1617,1,0,8,2,24,24,22209457
1618,1,0,41,59,24,24,10906433
1619,1,999,40,23,4620,-1,23225259
1620,1,0,57,34,24,24,42702003
1621,1,999,22,31,4620,-1,30899848
1622,1,999,62,7,4620,-1,35173971
1623,1,999,51,4,4620,-1,5822020
1624,1,0,15,32,24,24,34957332
1625,1,0,38,3,24,24,33081446
1626,1,0,61,10,24,24,1247516
1627,1,999,3,53,4620,-1,5451747
1628,1,0,36,49,24,24,23176254
1629,1,0,8,9,24,24,42280002
1630,1,999,25,41,4620,-1,6504266
1631,1,999,51,15,4620,-1,44006666
1632,1,999,5,54,4620,-1,39313267
1633,1,999,61,20,13860,-1,25016143
1634,1,0,63,16,24,24,38746732
1635,1,999,47,0,4620,-1,39874634
1636,1,0,44,12,24,24,11175873
1637,1,0,28,35,24,24,1789592
1638,1,999,1,28,4620,-1,6967054
1639,1,999,6,28,4620,-1,8818020
1640,1,0,37,0,24,24,9038524
1641,1,0,34,12,24,24,36007089
1642,1,0,35,0,24,24,48511104
1643,1,0,1,34,24,24,16124228
1644,1,999,57,30,4620,-1,44714931
1645,1,0,59,5,24,24,29570936
1646,1,999,11,7,4620,-1,22610304
1647,1,999,14,48,4620,-1,19121985
1648,1,999,39,15,4620,-1,5350351
1649,1,999,20,29,4620,-1,216924
1650,1,0,9,49,24,24,758159
1651,1,999,58,21,4620,-1,40965662
1652,1,999,48,46,4620,-1,31399408
1653,1,999,37,32,4620,-1,38666188
1654,1,0,30,20,24,24,23098344
1655,1,999,34,29,4620,-1,21122459
1656,1,999,63,32,4620,-1,22680602
1657,1,999,37,43,4620,-1,16969838
1658,1,0,27,37,24,24,3251929
1659,1,0,62,20,24,24,18599823
1660,1,999,23,29,4620,-1,7254617
1661,1,0,32,21,24,24,31967312
1662,1,0,59,14,24,24,23370004
1663,1,0,13,27,24,24,30375180
1664,1,999,49,25,4620,-1,4395939
1665,1,999,7,61,4620,-1,3506369
1666,1,999,14,50,9240,-1,14133558
1667,1,999,58,21,4620,-1,43674768
1668,1,999,59,61,4620,-1,47935810
1669,1,0,56,23,24,24,26423995
1670,1,0,2,38,24,24,13477259
1671,1,0,8,10,24,24,8155778
1672,1,0,29,61,24,24,45828590
1673,1,999,22,39,4620,-1,25310327
1674,1,0,34,46,24,24,11116852
1675,1,999,55,28,4620,-1,25870151
1676,1,0,29,41,24,24,49585565
1677,1,999,6,36,4620,-1,43853028
1678,1,0,31,63,24,24,33037766
1679,1,999,47,23,4620,-1,19265934
1680,1,999,11,58,4620,-1,32128936
1681,1,0,54,50,24,24,31934935
1682,1,999,26,19,4620,-1,10819951
1683,1,0,11,6,24,24,22686461
1684,1,0,12,59,24,24,16270022
1685,1,0,48,49,24,24,30348540
1686,1,999,20,30,9240,-1,12585249
1687,1,999,15,57,4620,-1,20302984
1688,1,999,28,47,4620,-1,29279140
1689,1,999,49,32,4620,-1,32432486
1690,1,999,23,39,4620,-1,39203004
1691,1,999,15,54,4620,-1,17005799
1692,1,0,45,11,24,24,8142386
1693,1,999,63,39,4620,-1,23467532
1694,1,0,22,34,24,24,19102917
1695,1,999,25,46,4620,-1,39962210
1696,1,0,29,62,24,24,26071050
1697,1,999,34,3,4620,-1,38714899
1698,1,999,25,26,4620,-1,26836086
1699,1,999,61,28,4620,-1,23954893
1700,1,0,21,56,24,24,49748843
1701,1,0,47,7,24,24,11664484
1702,1,999,33,12,4620,-1,14151779
1703,1,999,32,55,4620,-1,17780235
1704,1,0,56,57,24,24,8643742
1705,1,0,11,27,24,24,37208158
1706,1,999,49,6,73920,-1,51196627
1707,1,999,33,3,4620,-1,6270845
1708,1,0,12,54,24,24,31767791
1709,1,999,63,38,4620,-1,14087469
1710,1,999,29,46,4620,-1,15110264
1711,1,0,35,24,24,24,29366423
1712,1,999,33,35,4620,-1,27775957
1713,1,999,26,14,4620,-1,40256751
1714,1,0,37,42,24,24,11941951
1715,1,0,14,6,24,24,26923415
1716,1,0,59,2,24,24,22053920
1717,1,999,42,56,4620,-1,40370799
1718,1,0,26,27,24,24,49217430
1719,1,0,31,60,24,24,37871371
1720,1,999,55,42,4620,-1,50812834
1721,1,0,11,2,24,24,29722817
1722,1,0,41,20,24,24,16900501
1723,1,999,46,14,4620,-1,48186604
1724,1,0,62,53,24,24,30368609
1725,1,999,28,5,4620,-1,25709395
1726,1,0,24,7,24,24,40057374
1727,1,999,20,48,4620,-1,21547961
1728,1,999,36,6,4620,-1,11103393
1729,1,0,20,23,24,24,26264038
1730,1,999,50,51,4620,-1,17544806
1731,1,0,60,52,24,24,44979132
1732,1,0,1,39,24,24,19963676
1733,1,999,9,41,4620,-1,32399651
1734,1,0,38,36,24,24,1764334
1735,1,0,0,31,24,24,26015176
1736,1,0,41,55,24,24,38449590
1737,1,0,38,27,24,24,3906742
1738,1,0,40,12,24,24,9751355
1739,1,0,21,59,24,24,16980787
1740,1,999,21,11,4620,-1,8771165
1741,1,999,41,0,4620,-1,31900247
1742,1,0,2,51,24,24,19334186
1743,1,999,27,55,4620,-1,16407337
1744,1,0,48,19,24,24,10137164
1745,1,0,10,3,24,24,45786591
1746,1,0,7,28,24,24,48292592
1747,1,999,29,28,4620,-1,23397070
1748,1,999,23,30,90860,-1,16663208
1749,1,999,12,31,4620,-1,50423335
1750,1,0,8,43,24,24,39323849
1751,1,999,4,0,4620,-1,49092314
1752,1,0,42,8,24,24,11831550
1753,1,999,60,48,9240,-1,24983174
1754,1,0,61,3,24,24,48122070
1755,1,0,34,44,24,24,43520335
1756,1,999,11,10,4620,-1,4492732
1757,1,0,58,47,24,24,33841566
1758,1,0,4,7,24,24,530005
1759,1,0,2,3,24,24,7838074
1760,1,0,4,3,24,24,29104151
1761,1,0,2,3,24,24,3167505
1762,1,999,25,12,9240,-1,22416072
1763,1,0,16,18,24,24,9868351
1764,1,999,1,37,4620,-1,30513120
1765,1,999,1,57,4620,-1,29817542
1766,1,999,16,36,4620,-1,42456314
1767,1,0,6,34,24,24,49305580
1768,1,999,52,55,4620,-1,16805324
1769,1,0,42,38,24,24,50651577
1770,1,999,15,55,4620,-1,49354918
1771,1,999,50,56,87780,-1,6195066
1772,1,0,10,13,24,24,3134751
1773,1,999,34,41,4620,-1,49813296
1774,1,999,43,22,47740,-1,13051972
1775,1,999,17,56,4620,-1,2035475
1776,1,999,15,47,4620,-1,15135607
1777,1,999,21,43,4620,-1,32761309
1778,1,0,14,15,24,24,48297205
1779,1,0,28,44,24,24,10105482
1780,1,0,40,1,24,24,27953618
1781,1,999,20,23,4620,-1,10603713
1782,1,0,57,16,24,24,8496738
1783,1,999,30,22,4620,-1,7090794
1784,1,0,49,16,24,24,26133535
1785,1,0,3,51,24,24,7356871
1786,1,0,17,10,24,24,32149396
1787,1,0,52,18,24,24,3404339
1788,1,0,47,3,24,24,27054674
1789,1,0,15,7,24,24,11599534
1790,1,0,43,44,24,24,14346824
1791,1,999,18,59,4620,-1,9289276
1792,1,999,42,58,4620,-1,14554848
1793,1,999,18,2,4620,-1,16895517
1794,1,0,25,14,24,24,3570916
1795,1,999,11,12,4620,-1,47795388
1796,1,999,18,63,4620,-1,38950503
1797,1,0,46,11,24,24,31494959
1798,1,999,26,46,4620,-1,27480371
1799,1,0,4,14,24,24,43208989
1800,1,0,7,48,24,24,15477791
1801,1,999,25,62,4620,-1,26258991
1802,1,0,14,20,24,24,6604891
1803,1,999,11,12,4620,-1,12811962
1804,1,0,38,3,24,24,37168787
1805,1,0,20,26,24,24,29412331
1806,1,0,13,12,24,24,46012622
1807,1,999,47,55,4620,-1,11161466
1808,1,0,14,42,24,24,15582066
1809,1,999,57,61,9240,-1,3786601
1810,1,0,41,63,24,24,3912383
1811,1,999,8,1,4620,-1,27045619
1812,1,999,20,59,4620,-1,10185813
1813,1,999,10,29,4620,-1,20655197
1814,1,999,27,20,4620,-1,19645677
1815,1,0,2,59,24,24,49204806
1816,1,999,36,55,4620,-1,48138139
1817,1,999,14,15,4620,-1,40120475
1818,1,0,61,40,24,24,47252235
1819,1,999,61,40,4620,-1,21057184
1820,1,0,30,36,24,24,34478422
1821,1,999,24,21,4620,-1,49153421
1822,1,999,36,46,4620,-1,9995383
1823,1,0,61,59,24,24,45266250
1824,1,999,53,43,4620,-1,17109377
1825,1,0,50,36,24,24,21752411
1826,1,999,6,28,4620,-1,22293085
1827,1,0,48,12,24,24,6198226
1828,1,0,18,36,24,24,10673286
1829,1,999,36,51,4620,-1,17373669
1830,1,0,9,46,24,24,51332823
1831,1,0,39,42,24,24,20879825
1832,1,0,22,6,24,24,41444970
1833,1,0,9,46,24,24,43802969
1834,1,999,28,34,4620,-1,44027072
1835,1,0,54,12,24,24,44497769
1836,1,0,29,45,24,24,38059717
1837,1,999,18,57,4620,-1,22672519
1838,1,0,17,46,24,24,31352822
1839,1,999,24,56,4620,-1,8399809
1840,1,999,24,39,4620,-1,25902878
1841,1,999,17,13,4620,-1,50689102
1842,1,999,49,20,4620,-1,29054917
1843,1,0,21,40,24,24,40306936
1844,1,999,2,48,4620,-1,20526160
1845,1,0,36,31,24,24,4744630
1846,1,999,54,30,4620,-1,29394118
1847,1,0,27,63,24,24,815800
1848,1,999,37,43,4620,-1,3131420
1849,1,999,6,61,4620,-1,4493384
1850,1,0,4,16,24,24,11228189
1851,1,999,20,45,4620,-1,4186105
1852,1,0,56,46,24,24,6359495
1853,1,0,6,9,24,24,6426326
1854,1,0,42,8,24,24,45604774
1855,1,0,4,35,24,24,38592693
1856,1,0,59,37,24,24,30388924
1857,1,999,12,24,4620,-1,30298542
1858,1,0,23,42,24,24,40824769
1859,1,0,40,39,24,24,28235027
1860,1,0,17,18,24,24,7463832
1861,1,0,1,16,24,24,25953885
1862,1,999,61,4,18480,-1,34766655
1863,1,0,33,49,24,24,33380100
1864,1,999,47,56,4620,-1,14315292
1865,1,999,10,62,4620,-1,44537987
1866,1,0,8,44,24,24,20680176
1867,1,0,31,59,24,24,23007163
1868,1,999,60,43,4620,-1,27033180
1869,1,0,20,46,24,24,12105696
1870,1,999,37,13,4620,-1,15607132
1871,1,999,1,7,4620,-1,40448909
1872,1,999,5,50,4620,-1,1965385
1873,1,0,10,61,24,24,10010192
1874,1,0,62,63,24,24,41134840
1875,1,999,35,29,4620,-1,7973088
1876,1,999,45,41,4620,-1,27496183
1877,1,999,41,55,4620,-1,14775218
1878,1,0,7,8,24,24,8624620
1879,1,999,60,7,4620,-1,12694341
1880,1,999,37,51,4620,-1,37300038
1881,1,0,61,17,24,24,10630600
1882,1,0,41,42,24,24,26391604
1883,1,0,27,37,24,24,20949856
1884,1,0,4,60,24,24,33816704
1885,1,999,41,49,4620,-1,3561065
1886,1,0,41,42,24,24,27943976
1887,1,999,42,14,4620,-1,13311706
1888,1,999,15,53,4620,-1,4267768
1889,1,999,21,20,4620,-1,46020763
1890,1,999,30,33,4620,-1,4877861
1891,1,0,26,43,24,24,48328082
1892,1,0,56,48,24,24,29097779
1893,1,0,11,12,24,24,2019125
1894,1,999,33,11,4620,-1,6802933
1895,1,999,39,1,4620,-1,34848264
1896,1,0,27,36,24,24,29104486
1897,1,999,33,51,4620,-1,34320904
1898,1,0,25,57,24,24,4678244
1899,1,999,38,0,4620,-1,24949377
1900,1,999,28,32,4620,-1,43014955
1901,1,999,30,27,4620,-1,17250502
1902,1,999,36,5,4620,-1,18600674
1903,1,999,37,20,4620,-1,36497659
1904,1,999,3,5,4620,-1,18466300
1905,1,0,62,17,24,24,41456880
1906,1,999,14,52,4620,-1,36577199
1907,1,999,20,59,4620,-1,24347131
1908,1,0,16,27,24,24,45982606
1909,1,999,35,19,4620,-1,14469045
1910,1,0,5,50,24,24,40626944
1911,1,0,41,11,24,24,40409297
1912,1,0,51,55,24,24,45330547
1913,1,999,21,22,4620,-1,51054264
1914,1,999,52,14,4620,-1,43577961
1915,1,999,30,37,4620,-1,30569635
1916,1,0,61,62,24,24,7324097
1917,1,0,51,48,24,24,15350025
1918,1,0,6,12,24,24,16294963
1919,1,999,39,9,4620,-1,14597762
1920,1,999,49,31,78540,-1,3193605
1921,1,999,2,32,4620,-1,18087421
1922,1,0,41,17,24,24,8651359
1923,1,999,56,57,4620,-1,9440480
1924,1,0,25,13,24,24,43719116
1925,1,0,7,16,24,24,48043906
1926,1,0,10,39,24,24,37864249
1927,1,0,30,60,24,24,20814939
1928,1,0,13,37,24,24,40435410
1929,1,999,36,47,4620,-1,16842545
1930,1,999,28,43,4620,-1,48850372
1931,1,0,19,46,24,24,44140943
1932,1,999,23,34,4620,-1,23316223
1933,1,0,31,15,24,24,37522475
1934,1,0,55,50,24,24,8891664
1935,1,0,35,48,24,24,18976668
1936,1,0,34,45,24,24,19522467
1937,1,999,25,23,4620,-1,26625789
1938,1,0,49,23,24,24,6993334
1939,1,999,35,45,4620,-1,1973120
1940,1,999,30,55,4620,-1,14478153
1941,1,999,47,14,4620,-1,33690850
1942,1,0,19,53,24,24,7071444
1943,1,0,14,55,24,24,20424335
1944,1,999,21,53,4620,-1,35336615
1945,1,999,9,54,4620,-1,46415661
1946,1,0,2,29,24,24,46303427
1947,1,999,36,5,4620,-1,4319524
1948,1,999,56,2,4620,-1,10878782
1949,1,0,62,14,24,24,46976980
1950,1,999,17,5,4620,-1,9557844
1951,1,999,4,23,4620,-1,20807099
1952,1,999,45,62,4620,-1,19198664
1953,1,0,60,15,24,24,19399856
1954,1,0,12,27,24,24,41354595
1955,1,999,3,4,4620,-1,7002770
1956,1,0,59,57,24,24,44852274
1957,1,999,63,44,4620,-1,8720642
1958,1,999,21,3,4620,-1,2149897
1959,1,0,55,18,24,24,25423495
1960,1,999,17,43,95480,-1,29512696
1961,1,0,50,37,24,24,37343917
1962,1,0,38,39,24,24,44256645
1963,1,999,11,17,4620,-1,21371144
1964,1,999,14,13,4620,-1,44583367
1965,1,0,9,34,24,24,28702539
1966,1,0,54,5,24,24,43640759
1967,1,0,43,35,24,24,13868504
1968,1,999,37,6,69300,-1,44674798
1969,1,0,39,29,24,24,18177967
1970,1,0,11,22,24,24,38969160
1971,1,999,56,58,4620,-1,37966151
1972,1,0,14,20,24,24,20417208
1973,1,0,29,63,24,24,46796271
1974,1,0,43,23,24,24,12400381
1975,1,999,8,54,4620,-1,45087500
1976,1,0,17,32,24,24,46618784
1977,1,0,16,6,24,24,2945525
1978,1,0,11,41,24,24,50634240
1979,1,0,33,60,24,24,8308642
1980,1,0,6,11,24,24,2036754
1981,1,0,9,15,24,24,44650390
1982,1,999,28,43,138600,-1,25265149
1983,1,0,24,46,24,24,12095780
1984,1,999,60,53,4620,-1,23460927
1985,1,999,12,46,4620,-1,50349597
1986,1,999,55,5,4620,-1,8092126
1987,1,0,42,2,24,24,41391954
1988,1,0,40,48,24,24,40456143
1989,1,999,12,13,4620,-1,2908893
1990,1,999,14,21,4620,-1,16630287
1991,1,999,39,23,4620,-1,31004468
1992,1,999,56,32,4620,-1,36658328
1993,1,0,47,0,24,24,16731479
1994,1,0,15,8,24,24,27367606
1995,1,999,57,15,4620,-1,14699429
1996,1,999,26,52,4620,-1,11521768
1997,1,0,49,62,24,24,9755903
1998,1,0,7,29,24,24,715462
1999,1,0,4,59,24,24,48722928
2000,1,999,43,62,9240,-1,3422084
2001,1,0,27,54,24,24,50847798
2002,1,999,6,61,4620,-1,45892601
2003,1,0,21,18,24,24,39961251
2004,1,0,27,0,24,24,36275492
2005,1,0,23,37,24,24,41591078
2006,1,0,35,57,24,24,11693489
2007,1,999,39,3,4620,-1,34022759
2008,1,999,18,49,9240,-1,38626996
2009,1,0,3,43,24,24,24135164
2010,1,0,45,5,24,24,40600474
2011,1,999,41,25,4620,-1,16505561
2012,1,0,2,10,24,24,45482664
2013,1,999,3,55,4620,-1,45965999
2014,1,0,0,15,24,24,28322172
2015,1,999,35,6,4620,-1,12682876
2016,1,999,22,59,4620,-1,21861981
2017,1,0,30,61,24,24,4353823
2018,1,999,48,31,4620,-1,46339261
2019,1,0,35,13,24,24,35016332
2020,1,999,47,56,4620,-1,24578051
2021,1,999,29,24,4620,-1,27178943
2022,1,999,39,57,4620,-1,50755409
2023,1,0,8,14,24,24,22887640
2024,1,0,52,11,24,24,33777241
2025,1,0,0,22,24,24,42910938
2026,1,0,56,55,24,24,42914785
2027,1,0,49,28,24,24,22338367
2028,1,0,17,18,24,24,43163272
2029,1,0,7,3,24,24,29166403
2030,1,0,44,5,24,24,45476827
2031,1,999,33,5,4620,-1,11286639
2032,1,0,62,63,24,24,33466161
2033,1,999,26,60,4620,-1,23784078
2034,1,0,23,46,24,24,21438519
2035,1,999,33,5,4620,-1,39359923
2036,1,999,56,30,4620,-1,49049700
2037,1,999,42,49,4620,-1,19468242
2038,1,0,28,43,24,24,15816736
2039,1,999,48,12,4620,-1,7252543
2040,1,0,16,3,24,24,29925671
2041,1,0,1,29,24,24,4591504
2042,1,0,12,58,24,24,18360170
2043,1,999,14,15,4620,-1,14149462
2044,1,0,1,55,24,24,28453862
2045,1,0,58,23,24,24,43960267
2046,1,999,61,14,4620,-1,8665373
2047,1,999,31,49,4620,-1,2755343
2048,1,0,15,0,24,24,9606258
2049,1,999,50,54,4620,-1,5636254
2050,1,999,14,16,4620,-1,28813899
2051,1,0,2,12,24,24,36280205
2052,1,999,52,59,4620,-1,29124247
2053,1,0,0,8,24,24,42738510
2054,1,0,10,61,24,24,33775928
2055,1,999,52,61,4620,-1,50414970
2056,1,999,17,8,4620,-1,465700
2057,1,0,41,42,24,24,21743111
2058,1,999,17,54,4620,-1,34002766
2059,1,999,8,11,4620,-1,40187842
2060,1,0,36,52,24,24,19034394
2061,1,999,46,15,4620,-1,31390377
2062,1,0,9,31,24,24,39029608
2063,1,0,21,38,24,24,49176447
2064,1,999,7,53,4620,-1,3425401
2065,1,999,20,6,4620,-1,38168963
2066,1,999,10,9,4620,-1,36516383
2067,1,999,20,62,4620,-1,20895759
2068,1,0,10,42,24,24,22306213
2069,1,999,37,43,4620,-1,21209792
2070,1,0,0,61,24,24,8275508
2071,1,999,14,2,4620,-1,45173914
2072,1,999,2,15,9240,-1,28153958
2073,1,999,60,50,4620,-1,25272301
2074,1,0,59,32,24,24,31543635
2075,1,999,55,16,4620,-1,15858089
2076,1,0,58,50,24,24,37651684
2077,1,0,18,24,24,24,37300023
2078,1,0,41,8,24,24,43393660
2079,1,0,23,15,24,24,11878648
2080,1,0,22,35,24,24,32772491
2081,1,0,32,33,24,24,22501655
2082,1,999,50,11,4620,-1,34771124
2083,1,0,58,49,24,24,6050419
2084,1,0,10,60,24,24,14603632
2085,1,0,2,49,24,24,40492298
2086,1,999,39,34,4620,-1,8489747
2087,1,999,23,13,4620,-1,5196275
2088,1,0,5,7,24,24,7133578
2089,1,999,19,12,4620,-1,5553879
2090,1,0,5,43,24,24,23864263
2091,1,0,31,33,24,24,45848195
2092,1,0,63,21,24,24,41167730
2093,1,0,30,58,24,24,29945475
2094,1,0,15,39,24,24,5273243
2095,1,999,18,51,4620,-1,49200175
2096,1,999,28,20,4620,-1,24168032
2097,1,999,19,6,9240,-1,41652165
2098,1,999,35,32,4620,-1,41684610
2099,1,999,59,31,35420,-1,43600787
2100,1,999,23,10,4620,-1,13173795
2101,1,0,9,18,24,24,34804909
2102,1,999,22,11,4620,-1,36704388
2103,1,0,42,17,24,24,31442306
2104,1,999,34,49,4620,-1,41549780
2105,1,0,12,3,24,24,18485082
2106,1,999,28,48,4620,-1,31810879
2107,1,999,4,26,95480,-1,31806456
2108,1,999,20,39,23100,-1,24224075
2109,1,0,58,8,24,24,29458898
2110,1,0,60,5,24,24,40266948
2111,1,999,46,27,4620,-1,22218842
2112,1,999,32,57,4620,-1,21677269
2113,1,999,25,56,4620,-1,11018335
2114,1,999,9,17,4620,-1,46795032
2115,1,999,10,59,4620,-1,31493884
2116,1,0,54,47,24,24,10268746
2117,1,0,57,46,24,24,26174974
2118,1,0,20,17,24,24,14992138
2119,1,999,55,19,9240,-1,10908763
2120,1,999,12,10,4620,-1,18275428
2121,1,0,0,12,24,24,33673599
2122,1,999,13,31,73920,-1,546038
2123,1,999,22,16,4620,-1,10168863
2124,1,0,56,5,24,24,35572420
2125,1,999,18,3,4620,-1,21604613
2126,1,0,54,42,24,24,46940496
2127,1,999,9,3,4620,-1,20425283
2128,1,999,22,53,4620,-1,34411293
2129,1,0,1,63,24,24,21480551
2130,1,0,28,37,24,24,36903143
2131,1,0,8,39,24,24,15091941
2132,1,999,14,15,4620,-1,8569952
2133,1,0,0,2,24,24,35737991
2134,1,999,63,51,4620,-1,34577064
2135,1,999,25,63,4620,-1,49250173
2136,1,999,41,53,4620,-1,8571651
2137,1,0,2,14,24,24,18480193
2138,1,0,47,48,24,24,22526066
2139,1,0,26,55,24,24,48321133
2140,1,999,47,49,4620,-1,9015665
2141,1,0,22,27,24,24,25487962
2142,1,0,6,14,24,24,40157972
2143,1,0,18,44,24,24,18578041
2144,1,999,19,49,4620,-1,35304874
2145,1,999,22,28,4620,-1,51053195
2146,1,999,24,8,9240,-1,11412844
2147,1,0,8,32,24,24,45082652
2148,1,999,56,51,4620,-1,15773110
2149,1,999,15,34,26180,-1,36010890
2150,1,0,38,32,24,24,20667650
2151,1,999,52,12,4620,-1,13873041
2152,1,0,1,6,24,24,9306693
2153,1,999,13,11,4620,-1,8315353
2154,1,0,8,53,24,24,43705701
2155,1,999,23,48,4620,-1,33871355
2156,1,0,41,59,24,24,48276288
2157,1,0,2,7,24,24,31230512
2158,1,0,11,44,24,24,29285189
2159,1,999,3,5,4620,-1,49764590
2160,1,999,31,39,4620,-1,29243090
2161,1,999,61,0,4620,-1,35438514
2162,1,999,30,8,4620,-1,26199369
2163,1,999,59,35,4620,-1,3782788
2164,1,999,62,13,4620,-1,24882809
2165,1,0,39,42,24,24,35989523
2166,1,999,17,13,4620,-1,29869808
2167,1,0,30,63,24,24,19353347
2168,1,0,32,33,24,24,32166678
2169,1,0,23,58,24,24,42048461
2170,1,0,8,23,24,24,39578653
2171,1,999,28,56,4620,-1,45961367
2172,1,999,28,55,4620,-1,9381269
2173,1,999,27,56,4620,-1,27447162
2174,1,0,16,24,24,24,4825957
2175,1,0,46,16,24,24,24485078
2176,1,999,10,0,4620,-1,25335022
2177,1,999,16,11,4620,-1,11007983
2178,1,0,45,5,24,24,50256791
2179,1,0,30,42,24,24,25988506
2180,1,0,55,1,24,24,47800656
2181,1,0,21,28,24,24,48371389
2182,1,999,10,57,4620,-1,39582553
2183,1,999,9,46,4620,-1,39855519
2184,1,999,41,16,4620,-1,10530472
2185,1,999,40,29,4620,-1,48501854
2186,1,0,29,36,24,24,33502255
2187,1,999,12,53,4620,-1,8916834
2188,1,999,29,8,4620,-1,38516395
2189,1,0,34,10,24,24,2088106
2190,1,0,58,56,24,24,30434637
2191,1,999,38,57,4620,-1,10448097
2192,1,0,8,44,24,24,39023828
2193,1,0,62,6,24,24,41472386
2194,1,0,59,5,24,24,6828544
2195,1,0,27,16,24,24,20157186
2196,1,0,47,36,24,24,23490662
2197,1,0,54,8,24,24,42419451
2198,1,0,25,16,24,24,40888098
2199,1,999,15,60,4620,-1,37000312
2200,1,999,26,59,4620,-1,47737168
2201,1,0,34,23,24,24,37125444
2202,1,999,37,11,4620,-1,25558964
2203,1,0,44,32,24,24,43736507
2204,1,0,40,27,24,24,4819592
2205,1,999,40,24,4620,-1,37752190
2206,1,999,3,33,4620,-1,8393566
2207,1,999,55,14,4620,-1,50278814
2208,1,0,32,14,24,24,24846281
2209,1,999,19,51,44660,-1,15251884
2210,1,999,9,19,4620,-1,692866
2211,1,0,17,59,24,24,15172613
2212,1,0,29,16,24,24,21136469
2213,1,0,3,34,24,24,14340081
2214,1,999,18,37,4620,-1,28846487
2215,1,0,8,24,24,24,15611080
2216,1,0,2,13,24,24,39766950
2217,1,0,37,10,24,24,9314
2218,1,0,10,2,24,24,30508488
2219,1,0,9,42,24,24,37448980
2220,1,0,8,62,24,24,47875102
2221,1,0,14,31,24,24,44886889
2222,1,999,40,5,4620,-1,35605397
2223,1,999,20,45,4620,-1,44573278
2224,1,0,22,18,24,24,45865785
2225,1,999,32,53,9240,-1,17101278
2226,1,0,38,33,24,24,46062198
2227,1,999,24,27,4620,-1,5956468
2228,1,0,43,55,24,24,3472326
2229,1,0,0,49,24,24,50635782
2230,1,999,40,16,4620,-1,36129779
2231,1,999,33,8,4620,-1,34783258
2232,1,999,38,1,4620,-1,15826571
2233,1,999,62,26,4620,-1,915986
2234,1,0,23,45,24,24,8608545
2235,1,999,45,48,4620,-1,1747026
2236,1,0,58,44,24,24,36488586
2237,1,999,47,37,4620,-1,13224706
2238,1,0,34,19,24,24,42360762
2239,1,0,31,47,24,24,1941778
2240,1,999,51,56,4620,-1,28182542
2241,1,0,10,42,24,24,23898886
2242,1,0,39,30,24,24,4240917
2243,1,999,36,12,4620,-1,14965756
2244,1,0,31,9,24,24,26247894
2245,1,999,26,44,4620,-1,42861906
2246,1,0,2,60,24,24,3551745
2247,1,0,4,20,24,24,4512749
2248,1,999,15,23,4620,-1,12887117
2249,1,0,27,3,24,24,18266566
2250,1,0,17,5,24,24,25762077
2251,1,999,7,22,95480,-1,24873513
2252,1,0,48,60,24,24,48847307
2253,1,0,7,49,24,24,33251208
2254,1,0,1,5,24,24,19873336
2255,1,0,5,60,24,24,1592580
2256,1,0,27,50,24,24,2567796
2257,1,0,5,4,24,24,40100327
2258,1,999,45,12,4620,-1,23977994
2259,1,999,0,59,4620,-1,41948689
2260,1,0,19,53,24,24,17434269
2261,1,999,39,22,4620,-1,10036976
2262,1,0,14,35,24,24,6777308
2263,1,0,10,25,24,24,18832447
2264,1,0,63,7,24,24,12607990
2265,1,0,4,59,24,24,34284935
2266,1,0,28,58,24,24,46797086
2267,1,999,19,11,4620,-1,1676799
2268,1,999,9,49,4620,-1,43926325
2269,1,0,31,9,24,24,1714782
2270,1,999,14,5,4620,-1,44440718
2271,1,999,1,24,4620,-1,6032199
2272,1,999,20,37,4620,-1,6408052
2273,1,0,34,49,24,24,11623281
2274,1,999,59,62,4620,-1,15753904
2275,1,0,10,1,24,24,31774602
2276,1,999,18,12,4620,-1,5149679
2277,1,0,26,31,24,24,30256118
2278,1,0,40,32,24,24,5304367
2279,1,0,50,63,24,24,11202312
2280,1,0,61,56,24,24,10133747
2281,1,999,19,40,4620,-1,5732906
2282,1,0,42,50,24,24,6467377
2283,1,0,25,13,24,24,15900890
2284,1,999,39,15,4620,-1,45378943
2285,1,999,20,32,4620,-1,41217161
2286,1,0,50,12,24,24,38170623
2287,1,999,57,9,4620,-1,12548226
2288,1,0,11,48,24,24,8917256
2289,1,0,34,10,24,24,11002818
2290,1,0,13,7,24,24,30258735
2291,1,999,9,23,4620,-1,34135008
2292,1,0,14,4,24,24,12352965
2293,1,0,59,21,24,24,20812011
2294,1,0,37,48,24,24,49873688
2295,1,0,19,14,24,24,15103331
2296,1,999,4,40,4620,-1,39114183
2297,1,999,41,32,4620,-1,9400384
2298,1,999,48,13,4620,-1,1966070
2299,1,999,50,43,44660,-1,8406992
2300,1,999,14,32,4620,-1,4522846
2301,1,999,44,15,4620,-1,38757012
2302,1,999,33,48,4620,-1,2617607
2303,1,999,49,42,4620,-1,24371604
2304,1,0,38,39,24,24,21825970
2305,1,999,22,45,4620,-1,50632363
2306,1,999,40,9,4620,-1,48554430
2307,1,999,20,62,4620,-1,51363175
2308,1,0,28,12,24,24,27276750
2309,1,0,12,20,24,24,1282072
2310,1,0,41,23,24,24,45039649
2311,1,0,23,58,24,24,42097289
2312,1,999,7,18,4620,-1,35411822
2313,1,0,9,20,24,24,409965
2314,1,999,26,44,4620,-1,37358225
2315,1,999,30,14,4620,-1,31935537
2316,1,999,49,4,4620,-1,26705624
2317,1,999,3,45,9240,-1,17231945
2318,1,0,41,11,24,24,38101772
2319,1,999,9,39,4620,-1,24653630
2320,1,0,52,7,24,24,31473123
2321,1,0,44,29,24,24,34327021
2322,1,0,29,40,24,24,13889783
2323,1,999,60,51,4620,-1,50344006
2324,1,0,48,19,24,24,18262097
2325,1,0,12,9,24,24,9694413
2326,1,999,56,29,4620,-1,25581483
2327,1,0,23,32,24,24,48686276
2328,1,999,1,4,4620,-1,11974472
2329,1,0,38,51,24,24,6444364
2330,1,999,38,22,4620,-1,12090355
2331,1,0,36,51,24,24,26758685
2332,1,0,34,15,24,24,33634633
2333,1,999,24,59,4620,-1,14540835
2334,1,999,62,14,4620,-1,29163369
2335,1,999,6,55,4620,-1,46943630
2336,1,0,8,12,24,24,16260344
2337,1,0,58,5,24,24,46200014
2338,1,0,30,28,24,24,17559575
2339,1,0,3,42,24,24,26142651
2340,1,0,9,63,24,24,29685434
2341,1,999,22,7,4620,-1,33872814
2342,1,0,25,45,24,24,41249019
2343,1,999,58,49,4620,-1,37407302
2344,1,0,26,8,24,24,43098731
2345,1,0,17,0,24,24,21856205
2346,1,999,48,46,4620,-1,18151779
2347,1,999,17,8,4620,-1,17139205
2348,1,0,31,56,24,24,16481666
2349,1,0,19,40,24,24,46911204
2350,1,0,24,3,24,24,44555227
2351,1,0,4,0,24,24,48622236
2352,1,0,47,38,24,24,682517
2353,1,999,10,50,4620,-1,33674084
2354,1,0,18,0,24,24,8859071
2355,1,0,39,6,24,24,34462642
2356,1,0,1,60,24,24,46920501
2357,1,0,16,19,24,24,15435501
2358,1,0,57,17,24,24,21932527
2359,1,0,22,13,24,24,36564542
2360,1,999,27,17,4620,-1,46136793
2361,1,0,46,28,24,24,48031156
2362,1,999,17,47,4620,-1,16463155
2363,1,999,41,4,4620,-1,39951332
2364,1,0,57,14,24,24,35322839
2365,1,0,23,16,24,24,17527261
2366,1,0,31,14,24,24,11154330
2367,1,999,0,28,4620,-1,1496010
2368,1,0,4,46,24,24,20019952
2369,1,999,37,23,73920,-1,44613649
2370,1,0,38,9,24,24,33701699
2371,1,0,10,5,24,24,14019287
2372,1,999,63,3,4620,-1,50010345
2373,1,0,45,62,24,24,8353351
2374,1,999,9,57,4620,-1,3100707
2375,1,999,16,17,4620,-1,2725825
2376,1,0,20,42,24,24,38304304
2377,1,999,7,33,4620,-1,11202008
2378,1,0,40,37,24,24,36073887
2379,1,0,41,35,24,24,18660421
2380,1,0,5,52,24,24,28916617
2381,1,999,33,1,4620,-1,43985928
2382,1,0,9,8,24,24,37664408
2383,1,999,12,34,4620,-1,35899397
2384,1,999,6,12,4620,-1,44076048
2385,1,0,17,10,24,24,10756471
2386,1,0,32,10,24,24,16275071
2387,1,999,27,54,4620,-1,32288049
2388,1,0,35,39,24,24,17816457
2389,1,999,25,57,4620,-1,43876233
2390,1,999,3,58,4620,-1,17463523
2391,1,999,30,5,4620,-1,22657533
2392,1,999,13,30,78540,-1,34268607
2393,1,0,28,58,24,24,32579630
2394,1,999,26,33,4620,-1,2295965
2395,1,999,40,15,4620,-1,8999852
2396,1,0,28,63,24,24,24612565
2397,1,0,9,3,24,24,47555784
2398,1,0,62,9,24,24,25734705
2399,1,999,29,19,73920,-1,14400877
2400,1,999,6,54,4620,-1,2495478
2401,1,0,21,3,24,24,17231942
2402,1,999,35,14,4620,-1,13315523
2403,1,0,56,58,24,24,50912638
2404,1,999,22,13,4620,-1,33280177
2405,1,0,40,16,24,24,32689177
2406,1,999,34,60,4620,-1,41178555
2407,1,0,30,8,24,24,35682337
2408,1,999,12,23,4620,-1,38623879
2409,1,0,53,61,24,24,21490489
2410,1,999,7,59,4620,-1,12305004
2411,1,0,1,3,24,24,38942016
2412,1,999,30,31,4620,-1,12971104
2413,1,0,61,7,24,24,3890556
2414,1,999,0,40,4620,-1,16130755
2415,1,0,20,48,24,24,5264133
2416,1,999,2,22,52360,-1,43731133
2417,1,999,30,62,4620,-1,9002826
2418,1,999,14,57,4620,-1,18753190
2419,1,0,36,40,24,24,49171450
2420,1,0,46,8,24,24,4531965
2421,1,999,45,44,4620,-1,14080139
2422,1,0,7,24,24,24,35690262
2423,1,999,2,9,4620,-1,670589
2424,1,999,24,42,4620,-1,50064612
2425,1,0,62,37,24,24,12713170
2426,1,0,14,44,24,24,41726174
2427,1,0,2,21,24,24,28608064
2428,1,999,11,26,4620,-1,8717352
2429,1,999,29,3,4620,-1,30623825
2430,1,999,32,27,138600,-1,18481788
2431,1,999,1,55,4620,-1,2207687
2432,1,999,58,49,4620,-1,6062838
2433,1,0,11,31,24,24,14343711
2434,1,0,49,41,24,24,709012
2435,1,0,31,38,24,24,862099
2436,1,999,23,50,4620,-1,16108670
2437,1,999,37,43,4620,-1,28674648
2438,1,0,48,56,24,24,11134476
2439,1,999,41,0,4620,-1,10179915
2440,1,999,15,46,4620,-1,17576466
2441,1,999,40,41,4620,-1,19427971
2442,1,0,19,14,24,24,21562588
2443,1,0,32,13,24,24,20815537
2444,1,0,57,33,24,24,8118273
2445,1,999,51,22,78540,-1,42324518
2446,1,0,9,53,24,24,23513045
2447,1,999,54,21,4620,-1,32272710
2448,1,999,14,41,4620,-1,373852
2449,1,999,29,17,69300,-1,3979570
2450,1,999,6,28,4620,-1,4164536
2451,1,0,34,3,24,24,25347821
2452,1,0,28,19,24,24,18330130
2453,1,999,14,11,138600,-1,47383565
2454,1,999,27,17,9240,-1,879827
2455,1,0,4,3,24,24,14475594
2456,1,999,58,52,4620,-1,30454540
2457,1,0,56,45,24,24,29792913
2458,1,0,5,12,24,24,50102397
2459,1,0,32,21,24,24,11512116
2460,1,0,1,47,24,24,37412816
2461,1,999,5,6,4620,-1,18761372
2462,1,999,12,40,4620,-1,45621348
2463,1,0,16,11,24,24,45792160
2464,1,999,21,19,4620,-1,16166532
2465,1,999,18,59,4620,-1,2029081
2466,1,999,16,25,4620,-1,33445537
2467,1,0,20,47,24,24,12616593
2468,1,0,52,17,24,24,29865039
2469,1,999,59,18,4620,-1,9763963
2470,1,999,9,5,4620,-1,5092454
2471,1,999,30,11,4620,-1,33574588
2472,1,0,22,1,24,24,35816540
2473,1,999,36,58,4620,-1,12992145
2474,1,999,7,30,9240,-1,46216803
2475,1,999,7,30,4620,-1,44349163
2476,1,0,35,14,24,24,49136767
2477,1,0,14,15,24,24,12762950
2478,1,999,57,30,4620,-1,31080828
2479,1,0,15,40,24,24,16974133
2480,1,0,12,55,24,24,36219902
2481,1,0,38,10,24,24,49890583
2482,1,0,8,9,24,24,28624834
2483,1,999,36,19,4620,-1,50898319
2484,1,0,50,1,24,24,17976239
2485,1,0,1,18,24,24,46526952
2486,1,0,0,46,24,24,29394537
2487,1,0,3,26,24,24,20155554
2488,1,999,62,45,4620,-1,9641684
2489,1,0,37,21,24,24,13321507
2490,1,999,44,53,4620,-1,27228345
2491,1,999,1,53,4620,-1,29891088
2492,1,0,54,10,24,24,3266155
2493,1,0,37,15,24,24,19416944
2494,1,0,61,15,24,24,50945054
2495,1,0,58,59,24,24,14433888
2496,1,999,3,46,4620,-1,32090524
2497,1,999,42,21,4620,-1,46239976
2498,1,0,25,7,24,24,25487190
2499,1,999,12,1,4620,-1,37138537
2500,1,999,59,40,4620,-1,26994581
2501,1,999,0,36,4620,-1,30282163
2502,1,999,37,58,4620,-1,33550363
2503,1,999,37,56,4620,-1,46445114
2504,1,0,26,8,24,24,30600088
2505,1,0,51,41,24,24,44665252
2506,1,0,38,54,24,24,3743976
2507,1,0,38,30,24,24,37057978
2508,1,999,22,61,4620,-1,42772080
2509,1,0,12,60,24,24,45034301
2510,1,0,15,13,24,24,27909489
2511,1,999,31,26,4620,-1,47765902
2512,1,999,55,3,4620,-1,8818217
2513,1,0,58,31,24,24,9240906
2514,1,999,9,17,4620,-1,46779656
2515,1,999,27,30,9240,-1,37667603
2516,1,999,31,12,4620,-1,22090935
2517,1,999,45,46,4620,-1,20269615
2518,1,0,29,14,24,24,38138763
2519,1,999,13,57,4620,-1,10016312
2520,1,0,5,12,24,24,40581138
2521,1,0,2,29,24,24,49429848
2522,1,0,38,37,24,24,5795695
2523,1,0,57,17,24,24,1642399
2524,1,999,4,42,4620,-1,43222774
2525,1,0,13,16,24,24,5716342
2526,1,999,52,45,4620,-1,27296303
2527,1,0,11,59,24,24,11590922
2528,1,0,25,46,24,24,39213403
2529,1,0,58,59,24,24,30090619
2530,1,0,37,60,24,24,32432252
2531,1,0,6,16,24,24,43729110
2532,1,999,44,49,4620,-1,41741817
2533,1,999,14,51,4620,-1,28126277
2534,1,0,20,53,24,24,20529829
2535,1,0,15,40,24,24,38187225
2536,1,999,48,49,4620,-1,37396798
2537,1,999,56,51,69300,-1,37607789
2538,1,999,62,58,4620,-1,44761366
2539,1,999,9,47,4620,-1,35404748
2540,1,0,58,61,24,24,25820268
2541,1,0,43,20,24,24,43728394
2542,1,0,13,35,24,24,45161060
2543,1,999,45,12,9240,-1,9449204
2544,1,999,9,5,4620,-1,3823860
2545,1,999,35,10,4620,-1,6459555
2546,1,999,54,44,4620,-1,7528887
2547,1,0,29,48,24,24,30283835
2548,1,0,2,3,24,24,3868006
2549,1,999,33,32,4620,-1,34995491
2550,1,999,41,16,4620,-1,46999815
2551,1,0,9,49,24,24,18488630
2552,1,0,13,23,24,24,35670026
2553,1,0,33,47,24,24,47643734
2554,1,999,33,20,4620,-1,35050190
2555,1,999,51,52,4620,-1,32171955
2556,1,999,2,27,4620,-1,38817469
2557,1,999,40,46,4620,-1,38972369
2558,1,0,20,7,24,24,6766902
2559,1,999,12,61,4620,-1,33986445
2560,1,0,22,29,24,24,19460721
2561,1,999,0,47,4620,-1,51328015
2562,1,999,21,30,4620,-1,16983093
2563,1,0,20,29,24,24,36754459
2564,1,999,28,1,4620,-1,44822006
2565,1,999,5,44,9240,-1,13940643
2566,1,999,16,6,4620,-1,10424998
2567,1,999,55,17,4620,-1,11789471
2568,1,0,28,42,24,24,45334837
2569,1,999,46,42,4620,-1,26750913
2570,1,999,15,13,4620,-1,9780048
2571,1,0,29,37,24,24,34652658
2572,1,999,54,63,4620,-1,17358629
2573,1,0,59,29,24,24,31951278
2574,1,999,36,38,4620,-1,40134214
2575,1,999,29,5,4620,-1,41953757
2576,1,0,8,60,24,24,32795694
2577,1,0,18,12,24,24,8197489
2578,1,0,21,43,24,24,7643730
2579,1,0,23,2,24,24,1204725
2580,1,0,33,57,24,24,6301894
2581,1,999,42,8,4620,-1,15672224
2582,1,999,45,42,4620,-1,48636381
2583,1,999,40,30,4620,-1,18411653
2584,1,0,58,43,24,24,27104431
2585,1,999,6,58,4620,-1,44943509
2586,1,0,41,27,24,24,39745505
2587,1,999,55,7,4620,-1,48470102
2588,1,999,44,53,4620,-1,13466206
2589,1,0,51,44,24,24,35062696
2590,1,999,25,9,4620,-1,13471505
2591,1,999,49,14,4620,-1,20384344
2592,1,999,8,61,4620,-1,50289651
2593,1,999,31,15,4620,-1,8697428
2594,1,0,36,11,24,24,11097690
2595,1,999,44,63,4620,-1,24450394
2596,1,999,18,17,4620,-1,4071710
2597,1,999,57,21,4620,-1,38895430
2598,1,999,11,26,4620,-1,44095364
2599,1,999,49,31,4620,-1,7259431
2600,1,0,44,45,24,24,14359841
2601,1,0,14,50,24,24,14007701
2602,1,999,27,5,4620,-1,9328588
2603,1,0,31,25,24,24,32727489
2604,1,0,12,13,24,24,29278085
2605,1,999,14,3,4620,-1,8193352
2606,1,0,41,5,24,24,21306739
2607,1,999,4,56,4620,-1,28226385
2608,1,0,49,50,24,24,38156393
2609,1,999,29,52,4620,-1,24082200
2610,1,999,5,6,4620,-1,38530170
2611,1,0,20,7,24,24,17402031
2612,1,0,58,25,24,24,38245220
2613,1,999,61,1,4620,-1,10846340
2614,1,999,37,0,4620,-1,15752956
2615,1,0,46,1,24,24,43185523
2616,1,999,8,43,4620,-1,22411329
2617,1,0,3,15,24,24,6558933
2618,1,999,2,45,4620,-1,8904252
2619,1,999,63,25,4620,-1,18175197
2620,1,999,22,40,4620,-1,702399
2621,1,0,56,16,24,24,30622862
2622,1,999,44,2,4620,-1,3643779
2623,1,999,10,41,4620,-1,32025485
2624,1,0,57,14,24,24,45002522
2625,1,0,19,38,24,24,39050553
2626,1,999,27,39,4620,-1,1482284
2627,1,999,61,42,4620,-1,32940065
2628,1,0,34,9,24,24,47213525
2629,1,999,12,7,4620,-1,25305069
2630,1,0,35,45,24,24,30747370
2631,1,0,42,22,24,24,40663595
2632,1,0,54,22,24,24,5082939
2633,1,999,41,54,221760,-1,1375947
2634,1,999,30,49,4620,-1,2471698
2635,1,0,5,42,24,24,16845869
2636,1,0,37,9,24,24,48132707
2637,1,999,61,12,4620,-1,7701357
2638,1,0,48,61,24,24,2725485
2639,1,999,41,4,9240,-1,33890888
2640,1,999,15,38,4620,-1,20262224
2641,1,0,36,35,24,24,49508217
2642,1,999,7,16,4620,-1,14569879
2643,1,0,50,43,24,24,9161254
2644,1,0,35,32,24,24,21130790
2645,1,999,47,11,4620,-1,47918349
2646,1,999,20,32,4620,-1,26433114
2647,1,0,22,5,24,24,33124432
2648,1,999,0,14,4620,-1,46319899
2649,1,999,28,6,4620,-1,16373022
2650,1,999,7,54,4620,-1,17256229
2651,1,999,26,57,4620,-1,16359014
2652,1,0,31,28,24,24,9994260
2653,1,999,30,50,4620,-1,31271706
2654,1,999,33,30,4620,-1,26628416
2655,1,999,31,18,4620,-1,12288512
2656,1,999,11,45,9240,-1,7325160
2657,1,0,12,21,24,24,50075648
2658,1,999,23,62,4620,-1,19855362
2659,1,999,23,42,4620,-1,7521151
2660,1,999,21,27,4620,-1,20639569
2661,1,999,58,17,4620,-1,20722749
2662,1,999,3,5,4620,-1,21947335
2663,1,0,37,5,24,24,10393776
2664,1,999,21,19,4620,-1,19468076
2665,1,0,5,18,24,24,20148021
2666,1,999,2,11,4620,-1,16375169
2667,1,999,47,29,4620,-1,39451524
2668,1,0,45,51,24,24,5570326
2669,1,0,47,13,24,24,18215665
2670,1,0,29,25,24,24,23300874
2671,1,0,60,4,24,24,16584719
2672,1,999,45,38,4620,-1,42425910
2673,1,999,20,45,4620,-1,15508575
2674,1,0,32,54,24,24,27240525
2675,1,999,19,9,4620,-1,22589745
2676,1,0,62,59,24,24,17319836
2677,1,0,40,2,24,24,47217792
2678,1,999,48,9,4620,-1,3178999
2679,1,999,29,59,9240,-1,38277518
2680,1,999,25,6,4620,-1,30676702
2681,1,999,39,0,4620,-1,34211751
2682,1,0,0,58,24,24,1444543
2683,1,999,60,23,83160,-1,13513294
2684,1,999,2,3,4620,-1,21558053
2685,1,999,25,52,4620,-1,38760324
2686,1,0,20,16,24,24,23419443
2687,1,0,43,11,24,24,36490806
2688,1,999,18,50,4620,-1,12853281
2689,1,999,50,54,4620,-1,33297221
2690,1,0,25,29,24,24,18841790
2691,1,0,37,0,24,24,30484403
2692,1,0,35,24,24,24,6926923
2693,1,0,47,45,24,24,17816004
2694,1,0,28,36,24,24,18637956
2695,1,999,19,22,4620,-1,25993719
2696,1,999,30,40,4620,-1,32608273
2697,1,999,6,20,4620,-1,18609334
2698,1,999,10,0,4620,-1,32060800
2699,1,999,59,38,4620,-1,33515803
2700,1,0,19,30,24,24,5759796
2701,1,0,23,39,24,24,40406252
2702,1,999,24,47,4620,-1,36676147
2703,1,0,23,6,24,24,29179296
2704,1,999,47,8,4620,-1,10052129
2705,1,0,8,6,24,24,22516164
2706,1,0,13,58,24,24,19091718
2707,1,0,8,18,24,24,31388793
2708,1,999,30,11,4620,-1,9765998
2709,1,0,26,47,24,24,44320495
2710,1,999,5,30,4620,-1,10384009
2711,1,999,57,28,4620,-1,3601426
2712,1,999,10,53,4620,-1,50054770
2713,1,999,57,23,4620,-1,4610357
2714,1,999,2,11,4620,-1,8824161
2715,1,0,46,3,24,24,202952
2716,1,999,32,9,4620,-1,48925278
2717,1,0,37,10,24,24,17327697
2718,1,999,54,3,4620,-1,28748297
2719,1,999,0,15,4620,-1,27461586
2720,1,0,33,11,24,24,33527351
2721,1,999,10,4,4620,-1,12460096
2722,1,0,4,16,24,24,24357569
2723,1,0,6,30,24,24,32646814
2724,1,0,52,55,24,24,11699788
2725,1,999,3,57,4620,-1,1451068
2726,1,0,41,58,24,24,26057668
2727,1,0,49,12,24,24,31188155
2728,1,0,60,10,24,24,18015268
2729,1,0,16,37,24,24,10397500
2730,1,999,31,2,4620,-1,14225941
2731,1,999,26,31,4620,-1,35225814
2732,1,999,11,14,4620,-1,46344279
2733,1,0,20,48,24,24,39446445
2734,1,0,7,58,24,24,24685517
2735,1,0,49,11,24,24,46287276
2736,1,999,24,25,9240,-1,11507176
2737,1,999,13,19,4620,-1,2490288
2738,1,999,25,8,4620,-1,243864
2739,1,999,37,54,4620,-1,13236188
2740,1,0,51,16,24,24,12941880
2741,1,0,26,41,24,24,1624605
2742,1,0,45,31,24,24,42746153
2743,1,0,53,22,24,24,26719811
2744,1,999,60,13,4620,-1,6261845
2745,1,999,2,23,4620,-1,17884830
2746,1,0,19,17,24,24,18168246
2747,1,999,25,59,4620,-1,25603631
2748,1,0,24,60,24,24,6123836
2749,1,999,22,10,4620,-1,13419052
2750,1,999,6,50,4620,-1,27602898
2751,1,999,42,60,4620,-1,8176509
2752,1,0,58,53,24,24,420460
2753,1,0,3,51,24,24,38482961
2754,1,999,32,11,4620,-1,34099719
2755,1,999,56,54,4620,-1,32646336
2756,1,999,43,52,4620,-1,47578160
2757,1,999,36,29,4620,-1,32496102
2758,1,0,0,20,24,24,48211891
2759,1,0,6,43,24,24,22598485
2760,1,0,2,43,24,24,10378838
2761,1,0,25,61,24,24,51021644
2762,1,999,35,48,4620,-1,37052324
2763,1,999,42,51,4620,-1,30864926
2764,1,999,59,51,4620,-1,31578225
2765,1,999,6,39,9240,-1,42629696
2766,1,999,19,50,4620,-1,28545098
2767,1,999,38,3,4620,-1,3099157
2768,1,0,2,25,24,24,27297208
2769,1,999,8,7,4620,-1,1226810
2770,1,999,52,50,4620,-1,33167921
2771,1,0,0,14,24,24,21089959
2772,1,999,43,45,4620,-1,6122177
2773,1,999,25,4,69300,-1,39783668
2774,1,999,26,33,4620,-1,47216183
2775,1,999,11,43,4620,-1,21947806
2776,1,0,17,20,24,24,22601349
2777,1,0,48,55,24,24,37725736
2778,1,999,49,36,4620,-1,9279460
2779,1,0,41,60,24,24,14876293
2780,1,999,30,31,4620,-1,2098365
2781,1,999,45,21,9240,-1,23089139
2782,1,999,31,57,4620,-1,25354814
2783,1,0,52,0,24,24,2747508
2784,1,999,6,45,4620,-1,2233540
2785,1,0,24,48,24,24,11996380
2786,1,0,33,54,24,24,33131221
2787,1,999,7,41,4620,-1,43603540
2788,1,999,10,49,4620,-1,15031901
2789,1,999,60,51,9240,-1,28146790
2790,1,0,5,56,24,24,39914328
2791,1,0,4,5,24,24,1724084
2792,1,0,22,30,24,24,4765109
2793,1,999,48,52,4620,-1,15101609
2794,1,0,38,43,24,24,5625759
2795,1,999,12,37,4620,-1,19529493
2796,1,0,1,59,24,24,47553098
2797,1,0,62,20,24,24,48354857
2798,1,0,55,53,24,24,35234380
2799,1,999,63,32,4620,-1,18493942
