0,0,-1,5,45,5236,-1,140617962
1,0,-1,37,0,87720,-1,133814375
2,0,-1,0,18,8934,-1,62023309
3,0,-1,35,11,24729,-1,174489984
4,0,-1,21,30,5862,-1,31871243
5,0,-1,17,60,5083,-1,124915490
6,0,-1,9,25,34664,-1,79439838
7,0,-1,15,19,8484,-1,173840273
8,0,-1,39,15,10575,-1,174238186
9,0,-1,9,3,10824,-1,143304020
10,0,-1,7,9,11936,-1,173452449
11,0,-1,34,19,5276,-1,199857594
12,0,-1,53,57,11087,-1,69049393
13,0,-1,37,9,8571,-1,137023810
14,0,-1,11,36,5742,-1,26321520
15,0,-1,0,28,17998,-1,28808642
16,0,-1,21,48,6573,-1,20081024
17,0,-1,42,7,23186,-1,179868882
18,0,-1,30,9,29563,-1,53034833
19,0,-1,33,15,10842,-1,31167778
20,0,-1,6,35,6697,-1,88949995
21,0,-1,45,49,12268,-1,134239971
22,0,-1,28,17,5485,-1,95952774
23,0,-1,50,13,16334,-1,88503358
24,0,-1,13,62,7282,-1,69531886
25,0,-1,23,12,7955,-1,20785886
26,0,-1,43,11,8047,-1,177423079
27,0,-1,46,8,7137,-1,67555468
28,0,-1,1,9,6894,-1,138651189
29,0,-1,1,37,8249,-1,66395294
30,0,-1,12,0,6644,-1,10117434
31,0,-1,7,33,15731,-1,141836682
32,0,-1,37,50,5572,-1,56735598
33,0,-1,28,48,29322,-1,169080376
34,0,-1,34,43,7063,-1,81610611
35,0,-1,16,27,5712,-1,112659642
36,0,-1,13,31,5888,-1,10277120
37,0,-1,44,62,917748,-1,23960079
38,0,-1,9,23,7458,-1,174122413
39,0,-1,6,44,4964,-1,170009263
40,0,-1,3,33,9193,-1,149346416
41,0,-1,0,41,22487,-1,143986098
42,0,-1,7,38,4894,-1,188558969
43,0,-1,21,8,6609,-1,52058147
44,0,-1,21,36,14964,-1,60408538
45,0,-1,53,35,6472,-1,49412450
46,0,-1,32,20,13842,-1,192236772
47,0,-1,10,22,5000,-1,61384024
48,0,-1,45,41,6586,-1,107754365
49,0,-1,16,9,7394,-1,149733287
50,0,-1,23,33,5315,-1,188634871
51,0,-1,7,11,23779,-1,8429105
52,0,-1,7,61,5274,-1,104022743
53,0,-1,24,56,9067,-1,76212793
54,0,-1,36,48,29446,-1,6170974
55,0,-1,3,53,6398,-1,13813228
56,0,-1,31,35,24793,-1,142783134
57,0,-1,61,49,16004,-1,23278195
58,0,-1,60,49,43153,-1,2313289
59,0,-1,47,33,5606,-1,88617118
60,0,-1,54,61,61291,-1,172453498
61,0,-1,5,33,9045,-1,172145253
62,0,-1,57,9,6376,-1,123754317
63,0,-1,58,36,24217,-1,148560092
64,0,-1,47,42,15434,-1,156117761
65,0,-1,30,9,31710,-1,120332494
66,0,-1,34,19,5011,-1,21392167
67,0,-1,12,21,155185,-1,162986219
68,0,-1,22,17,4902,-1,156439837
69,0,-1,54,62,5218,-1,133038017
70,0,-1,19,4,15881,-1,81658777
71,0,-1,12,6,9288,-1,62216522
72,0,-1,36,29,5121,-1,80884064
73,0,-1,16,62,9872,-1,196430066
74,0,-1,21,41,5202,-1,86775952
75,0,-1,1,2,5519,-1,123055174
76,0,-1,4,5,5362,-1,13039159
77,0,-1,40,30,5597,-1,103842743
78,0,-1,46,52,5072,-1,98029656
79,0,-1,62,61,6627,-1,191358336
80,0,-1,37,46,5265,-1,50005009
81,0,-1,32,50,14731,-1,31704954
82,0,-1,46,59,15365,-1,157872604
83,0,-1,57,1,68823,-1,47894423
84,0,-1,18,45,37830,-1,13395725
85,0,-1,6,32,16805,-1,160677564
86,0,-1,21,46,12300,-1,20168363
87,0,-1,27,23,12372,-1,13868361
88,0,-1,33,3,30830,-1,151145371
89,0,-1,36,18,6633,-1,117382263
90,0,-1,33,54,5780,-1,77213939
91,0,-1,7,43,17570,-1,48638393
92,0,-1,4,63,9132,-1,101245668
93,0,-1,5,21,84184,-1,45764564
94,0,-1,21,9,18300,-1,331681
95,0,-1,18,27,12163,-1,127940346
96,0,-1,25,24,6835,-1,74544131
97,0,-1,50,45,9679,-1,170763562
98,0,-1,31,23,9396,-1,35410905
99,0,-1,56,28,7911,-1,4461160
100,0,-1,27,2,36340,-1,157790547
101,0,-1,8,5,5078,-1,144798592
102,0,-1,12,39,8655,-1,136220760
103,0,-1,57,33,8296,-1,144584110
104,0,-1,54,36,10856,-1,11814982
105,0,-1,50,38,8287,-1,158774010
106,0,-1,7,8,5147,-1,138034502
107,0,-1,62,31,9139,-1,89120017
108,0,-1,58,2,6669,-1,92654613
109,0,-1,26,57,6073,-1,199078779
110,0,-1,16,63,5172,-1,167638906
111,0,-1,21,37,7428,-1,174369903
112,0,-1,55,51,5883,-1,63149734
113,0,-1,25,22,6294,-1,112000713
114,0,-1,42,45,11391,-1,182240911
115,0,-1,16,7,11528,-1,66115649
116,0,-1,57,48,7046,-1,3098139
117,0,-1,55,4,33998,-1,87555101
118,0,-1,59,47,20948,-1,24764732
119,0,-1,21,3,106861,-1,84386277
120,0,-1,27,35,24283,-1,132812213
121,0,-1,14,44,9362,-1,22967725
122,0,-1,34,24,5813,-1,162521512
123,0,-1,45,21,114108,-1,137596467
124,0,-1,57,40,6552,-1,55970863
125,0,-1,6,16,4907,-1,185411347
126,0,-1,56,24,10075,-1,77048422
127,0,-1,52,54,8955,-1,71664843
128,0,-1,48,49,5322,-1,88381366
129,0,-1,21,5,5765,-1,135094604
130,0,-1,34,49,8270,-1,99294523
131,0,-1,18,31,5581,-1,104958785
132,0,-1,37,58,10020,-1,51259512
133,0,-1,20,48,6891,-1,95674007
134,0,-1,43,31,15034,-1,152545345
135,0,-1,32,37,9735,-1,85564811
136,0,-1,42,11,15304,-1,97965306
137,0,-1,12,10,5135,-1,95267253
138,0,-1,49,15,8016,-1,94074049
139,0,-1,19,8,24789,-1,69558997
140,0,-1,12,3,5496,-1,199819579
141,0,-1,48,25,6065,-1,181797640
142,0,-1,61,60,8506,-1,70860223
143,0,-1,34,27,55317,-1,179164617
144,0,-1,7,37,5074,-1,184533851
145,0,-1,46,37,22101,-1,71341591
146,0,-1,46,39,17504,-1,121736415
147,0,-1,48,14,11370,-1,157302398
148,0,-1,32,55,27224,-1,70846219
149,0,-1,46,16,7389,-1,127860145
150,0,-1,56,32,8918,-1,82158457
151,0,-1,29,0,5376,-1,166218633
152,0,-1,24,22,19057,-1,12294892
153,0,-1,47,62,13745,-1,68362129
154,0,-1,49,8,57356,-1,30306840
155,0,-1,45,19,5208,-1,63822782
156,0,-1,10,62,6462,-1,130884486
157,0,-1,25,52,16823,-1,91993160
158,0,-1,11,2,18458,-1,1097993
159,0,-1,47,21,16591,-1,48850024
160,0,-1,13,36,6331,-1,178836380
161,0,-1,8,39,5206,-1,57239942
162,0,-1,50,46,10172,-1,198572028
163,0,-1,1,11,48574,-1,59327668
164,0,-1,54,13,21755,-1,69137686
165,0,-1,49,9,7541,-1,8674187
166,0,-1,56,60,36918,-1,28627619
167,0,-1,58,42,8266,-1,169984399
168,0,-1,38,3,839324,-1,188430216
169,0,-1,0,57,9071,-1,85842626
170,0,-1,11,60,5182,-1,28522337
171,0,-1,60,2,6282,-1,10059671
172,0,-1,14,2,8667,-1,122076464
173,0,-1,42,14,14630,-1,43747419
174,0,-1,60,51,6901,-1,122298771
175,0,-1,49,23,6721,-1,166484205
176,0,-1,32,37,6431,-1,5159620
177,0,-1,36,26,12248,-1,124840623
178,0,-1,25,21,204981,-1,153592399
179,0,-1,33,5,8969,-1,118096943
180,0,-1,24,52,81746,-1,129948112
181,0,-1,45,17,15103,-1,92849742
182,0,-1,27,60,6076,-1,71521972
183,0,-1,48,29,16270,-1,46705850
184,0,-1,62,42,72113,-1,194241534
185,0,-1,2,3,9394,-1,12768533
186,0,-1,27,11,10309,-1,161519065
187,0,-1,42,13,5899,-1,170277846
188,0,-1,41,57,13977,-1,80947886
189,0,-1,7,48,425535,-1,109988065
190,0,-1,26,43,5558,-1,30272022
191,0,-1,53,20,4905,-1,121415322
192,0,-1,43,37,43387,-1,53983934
193,0,-1,49,22,369369,-1,87978195
194,0,-1,27,59,17479,-1,170769341
195,0,-1,63,14,5807,-1,183080559
196,0,-1,53,40,44042,-1,124355412
197,0,-1,63,61,8002,-1,52308501
198,0,-1,13,32,13532,-1,98064499
199,0,-1,6,25,53068,-1,76516652
200,0,-1,55,5,16138,-1,71084635
201,0,-1,18,5,20202,-1,34430982
202,0,-1,51,17,9333,-1,101262821
203,0,-1,10,51,12584,-1,78441830
204,0,-1,35,37,10543,-1,135320562
205,0,-1,19,9,124744,-1,157784199
206,0,-1,39,21,9448,-1,4215403
207,0,-1,60,35,19506,-1,152968244
208,0,-1,47,56,8060,-1,86951993
209,0,-1,43,17,7667,-1,118756958
210,0,-1,27,42,11703,-1,72847872
211,0,-1,5,4,11588,-1,141968633
212,0,-1,38,44,8369,-1,9021605
213,0,-1,50,44,10630,-1,156515774
214,0,-1,28,35,9575,-1,106359028
215,0,-1,25,37,5840,-1,189950433
216,0,-1,46,25,7285,-1,30850809
217,0,-1,25,2,5995,-1,802834
218,0,-1,23,58,5241,-1,5934460
219,0,-1,4,5,11183,-1,193418819
220,0,-1,43,47,8956,-1,131393497
221,0,-1,5,13,8227,-1,125452689
222,0,-1,45,55,432705,-1,160742507
223,0,-1,21,32,42687,-1,816238
224,0,-1,41,39,15642,-1,96620290
225,0,-1,42,1,13286,-1,15845594
226,0,-1,38,41,5176,-1,179749233
227,0,-1,31,14,7119,-1,171914727
228,0,-1,12,27,18246,-1,21372921
229,0,-1,50,59,14803,-1,24771900
230,0,-1,32,25,9144,-1,148101286
231,0,-1,11,5,7040,-1,137603689
232,0,-1,18,19,37067,-1,24156586
233,0,-1,11,19,8929,-1,39690338
234,0,-1,31,19,11564,-1,83181419
235,0,-1,5,23,5933,-1,120252417
236,0,-1,50,31,6093,-1,145092947
237,0,-1,23,4,4917,-1,138783512
238,0,-1,46,44,6350,-1,152469335
239,0,-1,18,2,6555,-1,171047051
240,0,-1,47,26,12726,-1,17699111
241,0,-1,32,16,24364,-1,58295616
242,0,-1,1,28,5525,-1,70967430
243,0,-1,17,39,24887,-1,135815157
244,0,-1,19,3,8826,-1,58318909
245,0,-1,9,8,10151,-1,153247220
246,0,-1,28,47,7242,-1,59877745
247,0,-1,42,22,6423,-1,19376973
248,0,-1,14,53,7010,-1,103063407
249,0,-1,33,56,15683,-1,65638839
250,0,-1,28,58,7992,-1,3883648
251,0,-1,42,23,9355,-1,25424927
252,0,-1,19,53,31536,-1,6238622
253,0,-1,36,14,6730,-1,184169471
254,0,-1,41,28,9840,-1,182323982
255,0,-1,24,36,5876,-1,146667221
256,0,-1,57,29,21205,-1,144228778
257,0,-1,9,46,119381,-1,178334152
258,0,-1,58,19,12756,-1,35629153
259,0,-1,55,33,9753,-1,84022048
260,0,-1,29,36,24574,-1,151666081
261,0,-1,16,32,5009,-1,96580803
262,0,-1,50,61,5342,-1,14431815
263,0,-1,15,43,326859,-1,197236749
264,0,-1,18,13,9525,-1,135711230
265,0,-1,46,56,80960,-1,167670371
266,0,-1,20,38,6281,-1,136609217
267,0,-1,42,45,98295,-1,8481059
268,0,-1,56,21,5630,-1,178995637
269,0,-1,63,58,5773,-1,129117148
270,0,-1,49,20,5294,-1,197086006
271,0,-1,56,28,20777,-1,20927777
272,0,-1,21,10,25476,-1,88817497
273,0,-1,16,27,6036,-1,50191332
274,0,-1,45,56,9650,-1,711636
275,0,-1,22,23,11824,-1,151178
276,0,-1,23,11,5267,-1,115710653
277,0,-1,41,36,5723,-1,40033307
278,0,-1,51,44,8517,-1,37393793
279,0,-1,34,21,6656,-1,88630571
280,0,-1,18,15,6763,-1,135299444
281,0,-1,27,36,78922,-1,72815942
282,0,-1,7,49,6524,-1,177916155
283,0,-1,49,37,49228,-1,19462738
284,0,-1,0,43,31129,-1,103279571
285,0,-1,23,46,6111,-1,107290277
286,0,-1,56,33,17968,-1,41169552
287,0,-1,47,52,10006,-1,31126599
288,0,-1,21,2,259026,-1,46096077
289,0,-1,44,18,5850,-1,97981885
290,0,-1,29,19,5743,-1,171942428
291,0,-1,40,57,19090,-1,19324380
292,0,-1,50,33,6573,-1,180726919
293,0,-1,19,47,37801,-1,32074797
294,0,-1,31,59,24227,-1,85044929
295,0,-1,22,35,33465,-1,7490409
296,0,-1,1,54,5837,-1,61012428
297,0,-1,21,55,5511,-1,107959624
298,0,-1,51,43,9258,-1,66079846
299,0,-1,33,28,26006,-1,125486076
300,0,-1,21,59,6145,-1,147861841
301,0,-1,50,21,147270,-1,24973522
302,0,-1,62,5,9809,-1,4205208
303,0,-1,23,21,7070,-1,56078070
304,0,-1,15,24,5563,-1,180834645
305,0,-1,55,10,11752,-1,92357302
306,0,-1,36,48,8871,-1,130184029
307,0,-1,29,26,20652,-1,74595857
308,0,-1,9,17,5911,-1,6287406
309,0,-1,40,12,5607,-1,41021459
310,0,-1,23,13,5536,-1,108304569
311,0,-1,55,3,15079,-1,89778232
312,0,-1,4,63,2286986,-1,104431520
313,0,-1,36,54,8157,-1,153792406
314,0,-1,60,56,6701,-1,153847044
315,0,-1,43,57,8817,-1,20836800
316,0,-1,7,8,8812,-1,132508609
317,0,-1,52,23,12049,-1,94071751
318,0,-1,39,15,26951,-1,67667529
319,0,-1,22,59,6797,-1,71045265
320,0,-1,30,29,9751,-1,147665579
321,0,-1,12,52,6011,-1,64533692
322,0,-1,53,31,6688,-1,43334074
323,0,-1,22,51,78308,-1,34705034
324,0,-1,9,63,69680,-1,102050981
325,0,-1,48,52,7143,-1,122939975
326,0,-1,18,34,6582,-1,87349343
327,0,-1,32,39,8517,-1,88565213
328,0,-1,12,16,8957,-1,197049334
329,0,-1,25,55,14391,-1,190800088
330,0,-1,26,44,19381,-1,190963593
331,0,-1,8,59,23485,-1,25822677
332,0,-1,32,6,32286,-1,4624290
333,0,-1,31,13,11142,-1,21074328
334,0,-1,63,14,6381,-1,91321812
335,0,-1,40,1,5572,-1,111844234
336,0,-1,44,36,88498,-1,26754252
337,0,-1,11,14,94095,-1,11856918
338,0,-1,7,60,6265,-1,11572773
339,0,-1,21,17,5515,-1,69078369
340,0,-1,44,7,26434,-1,92487574
341,0,-1,43,22,8821,-1,21039061
342,0,-1,28,25,68794,-1,67826378
343,0,-1,33,10,6461,-1,129528499
344,0,-1,7,15,5156,-1,7205921
345,0,-1,41,57,5142,-1,119827118
346,0,-1,63,44,5411,-1,195471630
347,0,-1,63,53,66760,-1,120366987
348,0,-1,63,9,45162,-1,82947028
349,0,-1,41,33,36946,-1,22657516
350,0,-1,1,57,6637,-1,125728740
351,0,-1,61,49,17254,-1,114130193
352,0,-1,34,51,7690,-1,113073055
353,0,-1,57,2,18353,-1,141906069
354,0,-1,5,7,7788,-1,47852189
355,0,-1,25,20,6941,-1,3485382
356,0,-1,29,62,6977,-1,14324779
357,0,-1,23,54,1400506,-1,175071169
358,0,-1,44,60,5089,-1,132621011
359,0,-1,50,59,11539,-1,86493378
360,0,-1,14,49,17212,-1,37626769
361,0,-1,59,12,9748,-1,108939805
362,0,-1,11,27,8359,-1,12110711
363,0,-1,55,15,8919,-1,150004156
364,0,-1,26,63,8548,-1,171484681
365,0,-1,39,51,14081,-1,188308399
366,0,-1,30,17,23222,-1,15701634
367,0,-1,34,59,7161,-1,193218520
368,0,-1,55,54,14864,-1,120578625
369,0,-1,33,0,5669,-1,186501877
370,0,-1,63,49,93518,-1,119694772
371,0,-1,42,2,14662,-1,188664927
372,0,-1,48,38,9669,-1,80857287
373,0,-1,39,57,33714,-1,100120071
374,0,-1,26,42,12011,-1,91650970
375,0,-1,53,28,10363,-1,169767044
376,0,-1,48,14,5342,-1,193758405
377,0,-1,24,37,13162,-1,158581028
378,0,-1,21,44,14949,-1,44405456
379,0,-1,51,63,16396,-1,84907692
380,0,-1,33,54,7159,-1,90590008
381,0,-1,21,48,1650531,-1,32809258
382,0,-1,22,50,5208,-1,32397997
383,0,-1,62,24,5556,-1,72357761
384,0,-1,2,21,21332,-1,66238135
385,0,-1,58,44,18002,-1,167535961
386,0,-1,50,21,12708,-1,153636477
387,0,-1,0,56,85630,-1,173506919
388,0,-1,33,37,22203,-1,114133491
389,0,-1,23,35,7838,-1,89935483
390,0,-1,61,33,13348,-1,78009637
391,0,-1,54,5,16881,-1,126105994
392,0,-1,36,32,5393,-1,166300664
393,0,-1,31,44,7535,-1,76234320
394,0,-1,10,33,14341,-1,20749170
395,0,-1,59,6,5479,-1,115154597
396,0,-1,17,50,15226,-1,16486810
397,0,-1,18,36,5909,-1,69425923
398,0,-1,10,37,447972,-1,101615450
399,0,-1,26,28,15672,-1,187455010
400,0,-1,14,48,5294,-1,25891061
401,0,-1,12,42,78572,-1,2294806
402,0,-1,58,59,7658,-1,161628501
403,0,-1,13,37,74267,-1,193776387
404,0,-1,51,22,6872,-1,7653172
405,0,-1,8,62,21138,-1,126689012
406,0,-1,23,59,7708,-1,147330866
407,0,-1,22,46,29000,-1,47628249
408,0,-1,59,25,10509,-1,95741650
409,0,-1,24,58,28531,-1,10571718
410,0,-1,31,49,57150,-1,163548610
411,0,-1,58,24,25143,-1,162774357
412,0,-1,25,57,5215,-1,91128267
413,0,-1,35,25,13049,-1,58940270
414,0,-1,21,51,5134,-1,52295763
415,0,-1,39,42,7998,-1,144819575
416,0,-1,57,50,6867,-1,18657354
417,0,-1,53,16,6740,-1,139663631
418,0,-1,24,40,30885,-1,190387635
419,0,-1,46,59,8427,-1,98995656
420,0,-1,31,22,12944,-1,136614579
421,0,-1,47,63,7042,-1,93188938
422,0,-1,17,57,9236,-1,113788521
423,0,-1,8,44,10593,-1,126962727
424,0,-1,12,11,12461,-1,89262127
425,0,-1,34,27,5314,-1,90334182
426,0,-1,7,1,5451,-1,165198997
427,0,-1,29,37,6152,-1,138262283
428,0,-1,55,42,6071,-1,170932851
429,0,-1,63,15,6082,-1,52438182
430,0,-1,61,53,8724,-1,48806240
431,0,-1,20,27,8783,-1,164512709
432,0,-1,15,43,44851,-1,135611099
433,0,-1,30,36,16210,-1,7025132
434,0,-1,15,3,6364,-1,62413725
435,0,-1,16,52,5260,-1,19018582
436,0,-1,24,1,21555,-1,5670589
437,0,-1,60,26,17147,-1,686450
438,0,-1,13,11,61615,-1,178389106
439,0,-1,52,13,4943,-1,15819965
440,0,-1,54,11,11940,-1,170402332
441,0,-1,26,14,5085,-1,132132658
442,0,-1,21,43,10760,-1,87941264
443,0,-1,46,19,7723,-1,173048183
444,0,-1,2,62,33417,-1,42362250
445,0,-1,45,41,15104,-1,47354448
446,0,-1,22,50,5376,-1,156253996
447,0,-1,34,0,6379,-1,88826913
448,0,-1,28,17,5636,-1,180698066
449,0,-1,45,20,62359,-1,172157417
450,0,-1,58,12,11631,-1,22412482
451,0,-1,8,32,7992,-1,66852787
452,0,-1,11,3,7162,-1,69914435
453,0,-1,20,56,16133,-1,121397288
454,0,-1,11,41,5496,-1,87101847
455,0,-1,16,62,12102,-1,18798047
456,0,-1,31,10,8681,-1,160458594
457,0,-1,6,26,7255,-1,135584162
458,0,-1,28,59,7968,-1,27987307
459,0,-1,40,39,15324,-1,4319339
460,0,-1,14,8,12923,-1,33242501
461,0,-1,30,25,21246,-1,12711278
462,0,-1,55,37,6602,-1,127506166
463,0,-1,57,44,5546,-1,186750777
464,0,-1,40,15,5048,-1,91927318
465,0,-1,24,25,6111,-1,86634956
466,0,-1,46,0,23401,-1,28455612
467,0,-1,16,41,6237,-1,132097480
468,0,-1,5,48,30050,-1,76787030
469,0,-1,18,19,6967,-1,7184938
470,0,-1,7,46,5484,-1,101218472
471,0,-1,57,23,20255,-1,90397978
472,0,-1,18,2,15461,-1,14430662
473,0,-1,40,14,9885,-1,35803674
474,0,-1,24,53,8830,-1,95475988
475,0,-1,9,43,14563,-1,67519081
476,0,-1,48,9,22484,-1,73062602
477,0,-1,3,20,5599,-1,117241534
478,0,-1,56,20,13243,-1,117804404
479,0,-1,54,60,5869,-1,129938418
480,0,-1,51,11,9026,-1,73253324
481,0,-1,35,11,5437,-1,132254190
482,0,-1,54,32,5360,-1,91392783
483,0,-1,54,19,48284,-1,99755037
484,0,-1,40,57,6241,-1,84016700
485,0,-1,61,58,47867,-1,49715463
486,0,-1,57,40,5610,-1,162235753
487,0,-1,24,46,10059,-1,92564255
488,0,-1,2,51,5600,-1,20904401
489,0,-1,10,26,5468,-1,164968737
490,0,-1,7,11,23552,-1,123056608
491,0,-1,22,44,32516,-1,182587735
492,0,-1,3,6,13840,-1,196232752
493,0,-1,26,16,5117,-1,134752890
494,0,-1,28,48,38937,-1,25611886
495,0,-1,29,51,578030,-1,187569721
496,0,-1,1,42,6778,-1,100182919
497,0,-1,30,10,9184,-1,92847596
498,0,-1,32,58,21313,-1,182079044
499,0,-1,36,9,5197,-1,21368411
500,0,-1,61,55,12930,-1,193047538
501,0,-1,33,17,10004,-1,184446898
502,0,-1,55,8,6620,-1,71116588
503,0,-1,32,5,5392,-1,176198541
504,0,-1,2,61,14812,-1,81268369
505,0,-1,10,57,8856,-1,113606559
506,0,-1,14,61,11633,-1,85016166
507,0,-1,55,0,5364,-1,57412614
508,0,-1,16,31,5060,-1,110695137
509,0,-1,61,55,29041,-1,45408288
510,0,-1,4,20,13753,-1,175760748
511,0,-1,59,22,5604,-1,157070698
512,0,-1,53,16,6321,-1,54715401
513,0,-1,42,30,7534,-1,89160715
514,0,-1,11,14,5539,-1,162908058
515,0,-1,34,55,10739,-1,81308450
516,0,-1,24,14,2043814,-1,85151628
517,0,-1,60,11,7511,-1,122028599
518,0,-1,10,41,21545,-1,2901208
519,0,-1,51,11,12836,-1,78649498
520,0,-1,57,53,9645,-1,91113127
521,0,-1,21,42,6045,-1,23639861
522,0,-1,22,41,5964,-1,171851758
523,0,-1,38,63,5343,-1,90089743
524,0,-1,37,25,9058,-1,17671664
525,0,-1,52,25,21871,-1,128825622
526,0,-1,31,38,11461,-1,99085894
527,0,-1,54,8,26446,-1,69266727
528,0,-1,62,38,52424,-1,103226066
529,0,-1,30,3,10340,-1,34209478
530,0,-1,56,44,43851,-1,66663724
531,0,-1,10,51,358129,-1,103590641
532,0,-1,32,61,19411,-1,38877766
533,0,-1,29,54,7386,-1,62737824
534,0,-1,24,12,531493,-1,88092994
535,0,-1,34,62,847300,-1,134266901
536,0,-1,34,38,10096,-1,103926168
537,0,-1,20,1,7557,-1,107881444
538,0,-1,52,21,5302,-1,122794712
539,0,-1,17,47,4895,-1,107887173
540,0,-1,16,43,6538,-1,144708118
541,0,-1,12,6,7933,-1,60504983
542,0,-1,42,40,20050,-1,136720230
543,0,-1,2,62,26410,-1,83896791
544,0,-1,43,34,6741,-1,39184807
545,0,-1,1,17,8880,-1,119420231
546,0,-1,40,51,259976,-1,16614291
547,0,-1,25,9,6179,-1,120693731
548,0,-1,9,27,6093,-1,37620306
549,0,-1,3,26,10616,-1,9281102
550,0,-1,11,14,5449,-1,179795753
551,0,-1,48,7,9229,-1,105042835
552,0,-1,41,30,6629,-1,123931748
553,0,-1,13,33,23380,-1,119080591
554,0,-1,7,62,8402,-1,132945036
555,0,-1,12,61,15327,-1,75212955
556,0,-1,56,2,5837,-1,95184815
557,0,-1,13,6,4907,-1,188342215
558,0,-1,7,42,5940,-1,86829845
559,0,-1,38,1,13882,-1,61093546
560,0,-1,6,31,10289,-1,116396932
561,0,-1,33,46,6067,-1,41936147
562,0,-1,33,49,62767,-1,165304629
563,0,-1,1,63,35053,-1,158962427
564,0,-1,27,13,6005,-1,68616375
565,0,-1,28,10,5486,-1,116871444
566,0,-1,59,35,5138,-1,149284101
567,0,-1,46,3,7011,-1,20655896
568,0,-1,38,14,5959,-1,172410784
569,0,-1,54,49,5230,-1,106484176
570,0,-1,31,33,7386,-1,170468361
571,0,-1,49,26,8823,-1,128847114
572,0,-1,20,60,7837,-1,32893101
573,0,-1,47,30,37678,-1,139182619
574,0,-1,26,56,23343,-1,152011648
575,0,-1,37,38,8211,-1,118128033
576,0,-1,31,17,7121,-1,103518412
577,0,-1,49,40,7396,-1,42772796
578,0,-1,63,43,12852,-1,183284525
579,0,-1,0,30,23475,-1,60408903
580,0,-1,42,24,10345,-1,43661790
581,0,-1,14,8,7058,-1,116250112
582,0,-1,45,0,5562,-1,138463263
583,0,-1,45,53,10089,-1,160424088
584,0,-1,60,12,9142,-1,21685707
585,0,-1,22,13,7734,-1,69707373
586,0,-1,56,28,36351,-1,93837261
587,0,-1,57,9,5706,-1,129675347
588,0,-1,47,55,135667,-1,128083170
589,0,-1,48,36,6374,-1,194877804
590,0,-1,48,53,7553,-1,62570013
591,0,-1,55,62,116049,-1,128456689
592,0,-1,10,11,4891,-1,159317629
593,0,-1,52,5,5824,-1,121682721
594,0,-1,58,4,7543,-1,106903461
595,0,-1,23,58,8556,-1,83241634
596,0,-1,57,27,5672,-1,195157497
597,0,-1,52,44,5121,-1,9595234
598,0,-1,11,59,57679,-1,39525240
599,0,-1,18,52,6186,-1,141065857
600,0,-1,38,61,6519,-1,155237978
601,0,-1,12,25,27800,-1,145669872
602,0,-1,26,15,8762,-1,85077179
603,0,-1,21,22,199074,-1,51020154
604,0,-1,56,15,36190,-1,29961768
605,0,-1,0,15,43229,-1,167375145
606,0,-1,25,1,5571,-1,99898006
607,0,-1,6,4,5443,-1,192113905
608,0,-1,10,9,5141,-1,3715732
609,0,-1,16,32,5835,-1,199607288
610,0,-1,46,27,70954,-1,45484626
611,0,-1,20,14,13608,-1,18723910
612,0,-1,56,4,5491,-1,96241112
613,0,-1,37,20,7949,-1,93112645
614,0,-1,43,39,5626,-1,11759661
615,0,-1,32,47,18189,-1,147226597
616,0,-1,0,7,9056,-1,135938250
617,0,-1,8,21,28340,-1,160454387
618,0,-1,53,49,6308,-1,61090806
619,0,-1,34,38,9445,-1,177413707
620,0,-1,56,33,4975,-1,152003512
621,0,-1,41,49,9481,-1,192228686
622,0,-1,48,43,10683,-1,92447503
623,0,-1,9,57,49882,-1,18254559
624,0,-1,60,0,7974,-1,131678525
625,0,-1,42,11,5507,-1,63234769
626,0,-1,27,45,9131,-1,85480854
627,0,-1,7,42,4895,-1,189878191
628,0,-1,63,14,9562,-1,12922332
629,0,-1,33,50,6335,-1,57653280
630,0,-1,25,55,60336,-1,130142896
631,0,-1,30,54,9112,-1,144306319
632,0,-1,31,14,8554,-1,33868848
633,0,-1,24,58,19196,-1,126338000
634,0,-1,39,26,5627,-1,8222950
635,0,-1,6,18,5491,-1,107773332
636,0,-1,32,33,94969,-1,91995524
637,0,-1,4,5,7720,-1,162711293
638,0,-1,14,24,6659,-1,169823491
639,0,-1,62,37,22761,-1,39903811
640,0,-1,19,59,11341,-1,199659189
641,0,-1,19,60,7763,-1,44956883
642,0,-1,18,2,10876,-1,168723658
643,0,-1,37,36,83397,-1,89756136
644,0,-1,62,45,12240,-1,37204928
645,0,-1,46,35,11850,-1,152000915
646,0,-1,52,48,6796,-1,133643801
647,0,-1,54,52,6026,-1,43193425
648,0,-1,43,15,9273,-1,151200910
649,0,-1,15,51,15384,-1,37575941
650,0,-1,12,50,6859,-1,173192780
651,0,-1,32,31,13384,-1,10237522
652,0,-1,11,34,6293,-1,191209594
653,0,-1,33,31,9946,-1,125714231
654,0,-1,62,31,5127,-1,108435314
655,0,-1,44,16,9650,-1,194584573
656,0,-1,14,35,7607,-1,23070552
657,0,-1,6,57,9715,-1,178072583
658,0,-1,15,14,5251,-1,42644302
659,0,-1,12,37,11009,-1,26771629
660,0,-1,51,30,19021,-1,119322568
661,0,-1,62,20,5159,-1,15868802
662,0,-1,29,45,56371,-1,45747528
663,0,-1,60,39,6980,-1,109071092
664,0,-1,12,41,7177,-1,188821577
665,0,-1,56,28,11391,-1,172010166
666,0,-1,8,39,11874,-1,21121473
667,0,-1,56,3,77808,-1,90400885
668,0,-1,31,46,4971,-1,27672191
669,0,-1,1,35,5991,-1,189327183
670,0,-1,10,6,5370,-1,60994567
671,0,-1,21,28,6901,-1,42499793
672,0,-1,27,32,9220,-1,140240199
673,0,-1,24,11,7835,-1,191880870
674,0,-1,9,48,119785,-1,74902458
675,0,-1,60,1,8055,-1,98294387
676,0,-1,30,52,6299,-1,74271130
677,0,-1,42,52,23649,-1,100509492
678,0,-1,40,2,15886,-1,152560820
679,0,-1,17,24,7490,-1,187176374
680,0,-1,11,17,4954,-1,173520842
681,0,-1,60,44,6436,-1,86088201
682,0,-1,57,33,5465,-1,60771128
683,0,-1,13,20,11607,-1,146579971
684,0,-1,62,16,9313,-1,3607940
685,0,-1,40,0,7052,-1,117972186
686,0,-1,24,34,5559,-1,158998463
687,0,-1,42,16,12137,-1,86933047
688,0,-1,7,48,5171,-1,58686945
689,0,-1,48,30,9273,-1,106354676
690,0,-1,12,50,24843,-1,127910994
691,0,-1,16,6,5447,-1,19752414
692,0,-1,63,8,7367,-1,129355005
693,0,-1,0,3,11343,-1,123502059
694,0,-1,46,4,15537,-1,192718593
695,0,-1,20,54,5467,-1,185413790
696,0,-1,14,39,27889,-1,133789675
697,0,-1,60,30,5767,-1,22732740
698,0,-1,23,24,33319,-1,116736465
699,0,-1,48,62,30195,-1,56200975
700,0,-1,55,62,12178,-1,183917023
701,0,-1,20,54,6446,-1,26034018
702,0,-1,45,53,5431,-1,19496767
703,0,-1,7,24,7977,-1,107718863
704,0,-1,30,57,8058,-1,78264247
705,0,-1,17,30,5861,-1,139668847
706,0,-1,26,0,6630,-1,154261576
707,0,-1,18,37,8076,-1,9445450
708,0,-1,0,6,6892,-1,27784221
709,0,-1,37,61,8115,-1,121754115
710,0,-1,57,25,5496,-1,33060980
711,0,-1,57,39,13795,-1,165919872
712,0,-1,57,21,7611,-1,72520016
713,0,-1,13,58,7520,-1,182663271
714,0,-1,13,58,13916,-1,130329779
715,0,-1,21,49,16331,-1,150444047
716,0,-1,23,44,32943,-1,139598188
717,0,-1,39,34,6275,-1,103581677
718,0,-1,8,20,65850,-1,169793265
719,0,-1,50,35,7115,-1,137725547
720,0,-1,22,23,6257,-1,43461908
721,0,-1,9,20,7336,-1,150131406
722,0,-1,3,25,49728,-1,93162040
723,0,-1,48,58,4882,-1,34722225
724,0,-1,15,10,32040,-1,107181132
725,0,-1,24,56,12074,-1,115027871
726,0,-1,60,6,25042,-1,8110253
727,0,-1,0,61,5475,-1,54584779
728,0,-1,28,62,34305,-1,67189426
729,0,-1,8,12,57340,-1,176871429
730,0,-1,15,6,8342,-1,69825678
731,0,-1,62,29,16805,-1,155978267
732,0,-1,28,57,4919,-1,154821672
733,0,-1,26,7,6063,-1,61290947
734,0,-1,32,6,8303,-1,35029216
735,0,-1,17,11,10689,-1,167831055
736,0,-1,33,25,14035,-1,101121446
737,0,-1,12,55,13845,-1,71164641
738,0,-1,35,57,10832,-1,57286302
739,0,-1,39,27,6339,-1,181325937
740,0,-1,17,20,7559,-1,112279661
741,0,-1,57,23,5912,-1,140324167
742,0,-1,59,36,20151,-1,50331854
743,0,-1,30,13,14261,-1,9528500
744,0,-1,41,39,11072,-1,22423305
745,0,-1,43,49,7886,-1,6499587
746,0,-1,12,7,8205,-1,22801280
747,0,-1,45,23,116082,-1,161496359
748,0,-1,12,35,30487,-1,101194772
749,0,-1,34,62,10126,-1,76450619
750,0,-1,20,16,6273,-1,189371040
751,0,-1,37,4,5914,-1,166294052
752,0,-1,26,55,14402,-1,173817350
753,0,-1,45,57,19169,-1,163618283
754,0,-1,63,16,12678,-1,82308600
755,0,-1,29,5,8234,-1,91923133
756,0,-1,26,19,8820,-1,65404803
757,0,-1,47,39,7098,-1,28740801
758,0,-1,45,26,6463,-1,94184655
759,0,-1,12,7,7379,-1,129813058
760,0,-1,51,33,89262,-1,29813266
761,0,-1,28,47,14050,-1,143184028
762,0,-1,44,21,6494,-1,32825724
763,0,-1,42,24,29047,-1,9348532
764,0,-1,11,5,5407,-1,51007974
765,0,-1,56,63,7878,-1,31088972
766,0,-1,63,59,9314,-1,20877604
767,0,-1,16,14,6555,-1,66658058
768,0,-1,28,57,12215,-1,90940254
769,0,-1,61,3,5896,-1,182377533
770,0,-1,49,8,5691,-1,120446332
771,0,-1,53,14,12544,-1,84791899
772,0,-1,63,62,6592,-1,130362256
773,0,-1,20,56,7249,-1,132764892
774,0,-1,41,40,7906,-1,54186918
775,0,-1,50,6,5403,-1,77085294
776,0,-1,54,5,5761,-1,125021782
777,0,-1,16,63,5587,-1,175085338
778,0,-1,45,43,11434,-1,179979450
779,0,-1,19,12,5094,-1,113202308
780,0,-1,48,53,172562,-1,190850428
781,0,-1,58,50,7385,-1,179554840
782,0,-1,59,3,27906,-1,153293497
783,0,-1,9,42,6330,-1,151452614
784,0,-1,1,40,17827,-1,155659696
785,0,-1,51,4,13980,-1,161685944
786,0,-1,61,33,16190,-1,162855336
787,0,-1,35,12,8309,-1,118902197
788,0,-1,43,30,5304,-1,172698619
789,0,-1,26,29,14606,-1,187397591
790,0,-1,16,49,40496,-1,23961602
791,0,-1,27,24,56113,-1,173831915
792,0,-1,8,14,8167,-1,47661138
793,0,-1,19,1,6280,-1,111594592
794,0,-1,23,45,5077,-1,165481698
795,0,-1,26,43,7898,-1,182573720
796,0,-1,59,56,89781,-1,120917049
797,0,-1,8,27,25555,-1,66352127
798,0,-1,20,43,33144,-1,104515286
799,0,-1,7,27,6674,-1,48180554
800,0,-1,18,43,22054,-1,103372036
801,0,-1,8,41,17345,-1,159853909
802,0,-1,57,28,4950,-1,94134578
803,0,-1,31,44,54711,-1,40147812
804,0,-1,17,32,12078,-1,123558905
805,0,-1,59,31,16139,-1,41351692
806,0,-1,18,45,5872,-1,72183112
807,0,-1,17,3,9068,-1,148166330
808,0,-1,18,2,6532,-1,25523318
809,0,-1,61,10,4881,-1,72801785
810,0,-1,26,13,7198,-1,85684339
811,0,-1,12,57,4977,-1,24482782
812,0,-1,14,45,32861,-1,113383324
813,0,-1,20,13,5688,-1,125200630
814,0,-1,49,26,30490,-1,37410659
815,0,-1,51,29,10681,-1,67526073
816,0,-1,37,29,6890,-1,119805879
817,0,-1,23,27,7488,-1,60541907
818,0,-1,6,31,5134,-1,80367177
819,0,-1,62,52,26050,-1,175705777
820,0,-1,42,28,5903,-1,134036754
821,0,-1,20,49,18538,-1,3190781
822,0,-1,38,53,5366,-1,188697457
823,0,-1,57,60,57807,-1,4002688
824,0,-1,48,59,4901,-1,164636260
825,0,-1,37,58,5126,-1,195234581
826,0,-1,46,31,28965,-1,31978277
827,0,-1,51,45,5700,-1,40221470
828,0,-1,10,7,9057,-1,177663678
829,0,-1,10,54,4920,-1,173070884
830,0,-1,40,0,9833,-1,23349656
831,0,-1,37,8,5332,-1,199696067
832,0,-1,6,18,7912,-1,60340520
833,0,-1,46,60,4885,-1,61200747
834,0,-1,1,56,21422,-1,72229711
835,0,-1,24,41,10053,-1,20249325
836,0,-1,10,4,9923,-1,57914633
837,0,-1,8,60,83181,-1,130012513
838,0,-1,47,8,5026,-1,179884548
839,0,-1,57,37,13098,-1,26300241
840,0,-1,7,29,5582,-1,137136582
841,0,-1,8,62,13058,-1,107952486
842,0,-1,22,61,6520,-1,88329842
843,0,-1,7,29,21063,-1,78395165
844,0,-1,1,62,5403,-1,113502203
845,0,-1,59,2,74846,-1,129224427
846,0,-1,4,43,15078,-1,6881239
847,0,-1,30,38,9402,-1,79315237
848,0,-1,61,28,7770,-1,29468536
849,0,-1,45,13,6439,-1,10456595
850,0,-1,39,40,6330,-1,105854020
851,0,-1,55,42,15293,-1,142884631
852,0,-1,1,49,6536,-1,22210497
853,0,-1,22,28,6990,-1,22971875
854,0,-1,49,32,7037,-1,176748130
855,0,-1,48,49,5266,-1,53689158
856,0,-1,58,2,30353,-1,20486578
857,0,-1,42,39,5877,-1,195740088
858,0,-1,35,45,14484,-1,59768690
859,0,-1,1,13,8142,-1,127058409
860,0,-1,17,3,4910,-1,148591218
861,0,-1,50,52,6464,-1,158017873
862,0,-1,32,34,60817,-1,111167426
863,0,-1,10,48,71544,-1,176460836
864,0,-1,22,34,12740,-1,138216038
865,0,-1,22,21,10847,-1,86858684
866,0,-1,34,36,5348,-1,65596127
867,0,-1,41,26,13300,-1,191221290
868,0,-1,28,33,11202,-1,123905250
869,0,-1,56,61,10883,-1,86764486
870,0,-1,25,60,24722,-1,34625845
871,0,-1,48,6,73267,-1,77016931
872,0,-1,50,33,10291,-1,118541235
873,0,-1,25,61,5881,-1,182057270
874,0,-1,9,43,9641,-1,103583125
875,0,-1,44,12,6303,-1,58147264
876,0,-1,50,6,53544,-1,46758879
877,0,-1,48,35,37398,-1,147402221
878,0,-1,31,55,43138,-1,6752802
879,0,-1,21,50,5725,-1,136581169
880,0,-1,14,2,21322,-1,44979829
881,0,-1,54,55,19878,-1,5201107
882,0,-1,14,15,43321,-1,55977296
883,0,-1,55,60,5240,-1,36966870
884,0,-1,16,5,5613,-1,12546314
885,0,-1,42,38,23432,-1,112750704
886,0,-1,27,1,8056,-1,91803157
887,0,-1,32,2,17571,-1,139661479
888,0,-1,14,37,7213,-1,19649359
889,0,-1,36,26,6831,-1,58171230
890,0,-1,14,1,7007,-1,23027537
891,0,-1,47,35,4923,-1,155949549
892,0,-1,32,56,5111,-1,40569367
893,0,-1,23,31,6884,-1,100615068
894,0,-1,22,44,18804,-1,111851141
895,0,-1,27,40,26973,-1,35325075
896,0,-1,30,33,6784,-1,4799326
897,0,-1,41,39,18409,-1,68266826
898,0,-1,49,28,90799,-1,19226511
899,0,-1,51,13,11035,-1,59450695
900,0,-1,31,33,5861,-1,191300774
901,0,-1,1,41,49929,-1,34102999
902,0,-1,29,56,9068,-1,76795784
903,0,-1,41,7,8115,-1,116982799
904,0,-1,19,48,11234,-1,134554848
905,0,-1,42,56,5299,-1,115233476
906,0,-1,39,24,22671,-1,74008002
907,0,-1,15,21,12753,-1,37462165
908,0,-1,50,9,6812,-1,109724225
909,0,-1,27,11,7635,-1,197592467
910,0,-1,26,17,23056,-1,192462414
911,0,-1,5,52,5707,-1,4810719
912,0,-1,49,53,6134,-1,43780475
913,0,-1,63,18,10012,-1,6226753
914,0,-1,23,54,44406,-1,38056327
915,0,-1,45,26,6334,-1,115280309
916,0,-1,35,56,6818,-1,101846259
917,0,-1,53,34,6811,-1,107892853
918,0,-1,44,0,88765,-1,23567190
919,0,-1,0,61,26759,-1,159812578
920,0,-1,0,46,8267,-1,141372743
921,0,-1,1,46,10951,-1,37787383
922,0,-1,34,16,6766,-1,18687644
923,0,-1,22,16,17555,-1,40310153
924,0,-1,11,8,6077,-1,48787378
925,0,-1,38,39,5504,-1,49473942
926,0,-1,42,7,5339,-1,180139085
927,0,-1,19,29,6117,-1,122793254
928,0,-1,51,45,36397,-1,171973449
929,0,-1,50,52,10552,-1,35643231
930,0,-1,40,61,13769,-1,140866537
931,0,-1,7,20,9903,-1,177296970
932,0,-1,62,6,14560,-1,115248684
933,0,-1,2,14,101228,-1,11165834
934,0,-1,41,34,14064,-1,155670585
935,0,-1,53,15,8072,-1,131857001
936,0,-1,39,29,6549,-1,35825540
937,0,-1,59,24,5481,-1,60579740
938,0,-1,10,31,24208,-1,122667704
939,0,-1,0,7,366669,-1,48542005
940,0,-1,2,14,6281,-1,145345266
941,0,-1,5,63,7261,-1,91935594
942,0,-1,43,59,6630,-1,64716454
943,0,-1,4,30,5422,-1,142357180
944,0,-1,50,58,62542,-1,97172573
945,0,-1,63,50,7156,-1,199275446
946,0,-1,10,5,25779,-1,166254208
947,0,-1,28,39,13287,-1,195803113
948,0,-1,3,21,10443,-1,29647050
949,0,-1,10,36,8537,-1,44203323
950,0,-1,22,41,8689,-1,167340193
951,0,-1,23,11,5685,-1,108378132
952,0,-1,33,38,139997,-1,151559584
953,0,-1,51,56,19801,-1,41883210
954,0,-1,50,5,15151,-1,97059431
955,0,-1,54,63,43649,-1,151085538
956,0,-1,38,5,20704,-1,57685066
957,0,-1,12,39,6787,-1,155031024
958,0,-1,37,19,5080,-1,55676661
959,0,-1,1,43,7454,-1,155875019
960,0,-1,44,17,10683,-1,37428099
961,0,-1,30,6,7117,-1,96358343
962,0,-1,0,48,10484,-1,120119141
963,0,-1,3,53,6381,-1,149794952
964,0,-1,55,57,24853,-1,47759128
965,0,-1,9,45,6305,-1,45180299
966,0,-1,55,63,33137,-1,27330527
967,0,-1,59,40,8265,-1,173477699
968,0,-1,0,43,6281,-1,70604654
969,0,-1,10,13,7255,-1,20882256
970,0,-1,60,30,9855,-1,171210817
971,0,-1,27,35,63849,-1,126588607
972,0,-1,43,25,18771,-1,41679135
973,0,-1,52,63,6628,-1,195161332
974,0,-1,42,56,9877,-1,66331783
975,0,-1,16,12,53858,-1,12425957
976,0,-1,43,30,5494,-1,87983211
977,0,-1,48,15,10788,-1,93267298
978,0,-1,5,45,15608,-1,160623752
979,0,-1,59,28,5280,-1,12197537
980,0,-1,50,24,13634,-1,140614759
981,0,-1,46,7,7765,-1,146863181
982,0,-1,34,8,7356,-1,139269307
983,0,-1,31,12,7889,-1,118767052
984,0,-1,60,57,5690,-1,52520144
985,0,-1,35,43,9578,-1,28082900
986,0,-1,10,33,45477,-1,44270602
987,0,-1,24,51,19195,-1,159310942
988,0,-1,21,60,5034,-1,135840893
989,0,-1,53,26,9471,-1,99785860
990,0,-1,34,36,132063,-1,24219937
991,0,-1,35,57,6548,-1,173358579
992,0,-1,13,39,77875,-1,5551543
993,0,-1,45,34,16302,-1,8439797
994,0,-1,59,14,8980,-1,4182501
995,0,-1,55,43,38953,-1,120903961
996,0,-1,22,61,6133,-1,159383774
997,0,-1,40,50,7786,-1,41988880
998,0,-1,9,5,5527,-1,88961065
999,0,-1,26,54,18530,-1,66221003
1000,0,-1,45,49,27326,-1,188931552
1001,0,-1,17,54,43119,-1,215025
1002,0,-1,2,3,8849,-1,47637996
1003,0,-1,33,3,6551,-1,54111017
1004,0,-1,1,44,69367,-1,71365005
1005,0,-1,61,38,20532,-1,8081908
1006,0,-1,9,29,5307,-1,143566636
1007,0,-1,47,50,7193,-1,188524873
1008,0,-1,37,20,28342,-1,116857997
1009,0,-1,8,9,12913,-1,40232355
1010,0,-1,0,39,19407,-1,60105036
1011,0,-1,7,19,9946,-1,146677124
1012,0,-1,57,21,8560,-1,10518547
1013,0,-1,4,1,5427,-1,93324081
1014,0,-1,31,20,36936,-1,108672598
1015,0,-1,15,5,1310073,-1,178815383
1016,0,-1,15,56,6717,-1,89503882
1017,0,-1,12,44,5449,-1,172244802
1018,0,-1,17,55,16139,-1,134935885
1019,0,-1,10,6,6113,-1,9519559
1020,0,-1,52,29,6523,-1,101784363
1021,0,-1,15,23,8115,-1,79250346
1022,0,-1,47,21,91677,-1,57517419
1023,0,-1,35,3,9356,-1,50592035
1024,0,-1,62,17,11156,-1,16028014
1025,0,-1,44,62,8743,-1,7723875
1026,0,-1,28,24,424285,-1,188968972
1027,0,-1,43,25,6035,-1,157725326
1028,0,-1,17,0,17262,-1,30783583
1029,0,-1,4,30,11101,-1,106473825
1030,0,-1,47,2,5989,-1,82308089
1031,0,-1,55,16,8886,-1,115206542
1032,0,-1,12,36,47452,-1,120954557
1033,0,-1,3,4,27869,-1,121522997
1034,0,-1,11,43,6549,-1,34899413
1035,0,-1,1,11,10767,-1,48957403
1036,0,-1,2,5,16689,-1,147184277
1037,0,-1,53,52,15351,-1,109906534
1038,0,-1,22,1,52628,-1,155085662
1039,0,-1,46,61,7076,-1,158727832
1040,0,-1,12,0,11164,-1,38045175
1041,0,-1,39,23,16725,-1,150999539
1042,0,-1,53,16,7957,-1,131118702
1043,0,-1,47,53,29934,-1,37070654
1044,0,-1,54,44,7090,-1,38195350
1045,0,-1,2,13,30829,-1,185794837
1046,0,-1,4,50,6464,-1,35503733
1047,0,-1,43,55,11472,-1,158575725
1048,0,-1,52,6,12930,-1,61498551
1049,0,-1,10,56,6706,-1,197465971
1050,0,-1,54,34,5984,-1,188551576
1051,0,-1,18,28,6872,-1,30607006
1052,0,-1,10,8,6258,-1,68316111
1053,0,-1,55,20,66176,-1,114481693
1054,0,-1,17,42,8825,-1,43469103
1055,0,-1,16,39,7994,-1,100231759
1056,0,-1,56,18,6036,-1,881610
1057,0,-1,29,36,6754,-1,194330990
1058,0,-1,16,54,17419,-1,94042204
1059,0,-1,26,28,33013,-1,84632082
1060,0,-1,43,23,6208,-1,52370897
1061,0,-1,28,1,10166,-1,51049715
1062,0,-1,17,63,6767,-1,16049957
1063,0,-1,17,29,23212,-1,130407927
1064,0,-1,37,38,10367,-1,130838531
1065,0,-1,21,25,12954,-1,117208091
1066,0,-1,48,26,5299,-1,26100041
1067,0,-1,63,32,11675,-1,72385341
1068,0,-1,51,40,59602,-1,162309549
1069,0,-1,23,50,11750,-1,146743061
1070,0,-1,23,53,7606,-1,95885876
1071,0,-1,44,49,12971,-1,71760785
1072,0,-1,28,16,5890,-1,17025648
1073,0,-1,29,27,5562,-1,126669373
1074,0,-1,54,21,7375,-1,122175686
1075,0,-1,32,39,66509,-1,12684880
1076,0,-1,9,31,9635,-1,68115460
1077,0,-1,42,27,63432,-1,96346137
1078,0,-1,45,58,13706,-1,40680409
1079,0,-1,57,7,6148,-1,169970084
1080,0,-1,43,56,7003,-1,145800808
1081,0,-1,41,37,5607,-1,13200532
1082,0,-1,62,8,5410,-1,133036547
1083,0,-1,55,43,39705,-1,12861999
1084,0,-1,24,10,6670,-1,153826229
1085,0,-1,34,47,6632,-1,32097995
1086,0,-1,4,32,5281,-1,69551514
1087,0,-1,26,17,6217,-1,29853736
1088,0,-1,46,62,22792,-1,32253794
1089,0,-1,9,41,251465,-1,145994780
1090,0,-1,27,14,26696,-1,166321187
1091,0,-1,1,58,9121,-1,167637124
1092,0,-1,13,36,138619,-1,110667946
1093,0,-1,44,62,8224,-1,29157379
1094,0,-1,62,43,11091,-1,176160149
1095,0,-1,11,51,6628,-1,59108061
1096,0,-1,26,41,6967,-1,168542401
1097,0,-1,5,46,98410,-1,115999552
1098,0,-1,29,33,66449,-1,70664539
1099,0,-1,5,62,11940,-1,135553069
1100,0,-1,63,43,9764,-1,73368924
1101,0,-1,17,30,5217,-1,62921483
1102,0,-1,40,4,50111,-1,153549608
1103,0,-1,47,33,5169,-1,152971160
1104,0,-1,24,15,6218,-1,181598833
1105,0,-1,2,46,6680,-1,84402051
1106,0,-1,7,4,6001,-1,121083629
1107,0,-1,42,15,274450,-1,2286372
1108,0,-1,13,22,12526,-1,44152859
1109,0,-1,35,30,5823,-1,89938753
1110,0,-1,28,12,13778,-1,36644155
1111,0,-1,4,10,77070,-1,6104967
1112,0,-1,49,26,6568,-1,31056492
1113,0,-1,56,3,13242,-1,104114633
1114,0,-1,49,26,17816,-1,175049689
1115,0,-1,27,2,7651,-1,51365200
1116,0,-1,60,20,6641,-1,97077917
1117,0,-1,2,13,5120,-1,126631563
1118,0,-1,25,16,17475,-1,110465414
1119,0,-1,17,52,8294,-1,2802537
1120,0,-1,53,54,135708,-1,190430035
1121,0,-1,46,16,132336,-1,138218774
1122,0,-1,19,62,5248,-1,83140865
1123,0,-1,61,39,5653,-1,22979227
1124,0,-1,8,48,5798,-1,136956815
1125,0,-1,53,9,31117,-1,132602491
1126,0,-1,7,26,6967,-1,3160123
1127,0,-1,22,39,8423,-1,115217211
1128,0,-1,3,31,11205,-1,116492036
1129,0,-1,48,1,7904,-1,4192567
1130,0,-1,48,11,11131,-1,166657585
1131,0,-1,43,27,55172,-1,44870873
1132,0,-1,28,4,5488,-1,20017141
1133,0,-1,61,25,6822,-1,29832408
1134,0,-1,38,18,5077,-1,154537298
1135,0,-1,48,24,6951,-1,116796326
1136,0,-1,45,35,18858,-1,52936465
1137,0,-1,26,54,821376,-1,155336849
1138,0,-1,1,27,60683,-1,151725244
1139,0,-1,27,32,5553,-1,135321969
1140,0,-1,33,8,15438,-1,107603874
1141,0,-1,20,10,7978,-1,49620620
1142,0,-1,28,49,21607,-1,48118233
1143,0,-1,61,40,6619,-1,82833138
1144,0,-1,11,28,5086,-1,83654878
1145,0,-1,28,6,86568,-1,167918452
1146,0,-1,48,1,7351,-1,184392249
1147,0,-1,10,29,7331,-1,178512663
1148,0,-1,42,17,6295,-1,146098871
1149,0,-1,40,54,9358,-1,152062306
1150,0,-1,45,60,5345,-1,48985484
1151,0,-1,10,61,6446,-1,23552545
1152,0,-1,54,20,6388,-1,30485117
1153,0,-1,33,28,9256,-1,18079844
1154,0,-1,36,15,5409,-1,59634154
1155,0,-1,31,52,9612,-1,113562033
1156,0,-1,26,47,11052,-1,132411491
1157,0,-1,45,24,8157,-1,108067813
1158,0,-1,33,50,5426,-1,129436913
1159,0,-1,11,29,5165,-1,98519395
1160,0,-1,62,31,85403,-1,138235137
1161,0,-1,10,54,31328,-1,79758353
1162,0,-1,57,31,5105,-1,149194440
1163,0,-1,15,55,5815,-1,194566299
1164,0,-1,16,38,5592,-1,53273874
1165,0,-1,9,30,8059,-1,188045515
1166,0,-1,8,57,13423,-1,181975542
1167,0,-1,4,52,15071,-1,176936173
1168,0,-1,30,34,15844,-1,130728192
1169,0,-1,43,8,17315,-1,92137308
1170,0,-1,16,0,8826,-1,182082940
1171,0,-1,46,57,6798,-1,146315571
1172,0,-1,57,38,6567,-1,21570598
1173,0,-1,7,60,4944,-1,109081863
1174,0,-1,34,35,11854,-1,131315215
1175,0,-1,32,51,11973,-1,48268088
1176,0,-1,9,19,6652,-1,139496861
1177,0,-1,28,58,11032,-1,165917184
1178,0,-1,9,0,6100,-1,21299978
1179,0,-1,63,31,48143,-1,166302696
1180,0,-1,4,17,11972,-1,115898740
1181,0,-1,18,17,6546,-1,58881319
1182,0,-1,5,32,13569,-1,141904482
1183,0,-1,13,0,6683,-1,98533945
1184,0,-1,56,12,9678,-1,189106605
1185,0,-1,61,40,12800,-1,29779098
1186,0,-1,43,23,17807,-1,12814923
1187,0,-1,19,35,13590,-1,47542631
1188,0,-1,58,23,7983,-1,190818939
1189,0,-1,19,55,11131,-1,85871490
1190,0,-1,7,37,12397,-1,5693357
1191,0,-1,48,26,7303,-1,80519499
1192,0,-1,18,34,5784,-1,116724442
1193,0,-1,48,50,5069,-1,28922495
1194,0,-1,1,38,6309,-1,129226184
1195,0,-1,42,23,10664,-1,40044269
1196,0,-1,42,40,16295,-1,86145366
1197,0,-1,34,0,6448,-1,99963716
1198,0,-1,16,47,7749,-1,42852710
1199,0,-1,37,54,5482,-1,183341627
1200,0,-1,57,14,7600,-1,33569161
1201,0,-1,38,61,5906,-1,26817921
1202,0,-1,53,25,5631,-1,196053632
1203,0,-1,56,42,291025,-1,68462294
1204,0,-1,44,36,4969,-1,59836444
1205,0,-1,20,61,8185,-1,5719233
1206,0,-1,48,49,29916,-1,44268452
1207,0,-1,15,59,8004,-1,174902155
1208,0,-1,63,60,7213,-1,1585386
1209,0,-1,12,48,33195,-1,125468161
1210,0,-1,26,60,5353,-1,98249439
1211,0,-1,55,1,9672,-1,155660347
1212,0,-1,3,21,11004,-1,188769524
1213,0,-1,31,53,6089,-1,143118830
1214,0,-1,13,36,10879,-1,156975550
1215,0,-1,24,6,10682,-1,148756433
1216,0,-1,24,2,6050,-1,4272906
1217,0,-1,48,25,12383,-1,139229491
1218,0,-1,8,32,26791,-1,110825987
1219,0,-1,58,23,5362,-1,150196001
1220,0,-1,44,7,12199,-1,160948397
1221,0,-1,9,26,8035,-1,97302385
1222,0,-1,55,58,4889,-1,7405738
1223,0,-1,11,12,18495,-1,24587142
1224,0,-1,47,24,35562,-1,115521323
1225,0,-1,28,10,519127,-1,58509554
1226,0,-1,21,54,11906,-1,137805046
1227,0,-1,33,51,21160,-1,27542298
1228,0,-1,60,0,298925,-1,102989967
1229,0,-1,26,42,27096,-1,131489674
1230,0,-1,58,36,15857,-1,177974082
1231,0,-1,50,11,49957,-1,9886607
1232,0,-1,15,22,5562,-1,127010326
1233,0,-1,56,49,5816,-1,143190830
1234,0,-1,49,38,8428,-1,36318699
1235,0,-1,6,13,11559,-1,146069020
1236,0,-1,35,31,38318,-1,161829790
1237,0,-1,39,5,5893,-1,108645265
1238,0,-1,12,20,9069,-1,129431228
1239,0,-1,31,29,18437,-1,36597047
1240,0,-1,12,55,27110,-1,136042543
1241,0,-1,0,23,5380,-1,149402328
1242,0,-1,17,55,23958,-1,113303510
1243,0,-1,37,4,172089,-1,153713444
1244,0,-1,6,16,5038,-1,8062787
1245,0,-1,7,52,6032,-1,130390934
1246,0,-1,45,46,5539,-1,120616013
1247,0,-1,50,5,6496,-1,25392394
1248,0,-1,6,53,6741,-1,157512151
1249,0,-1,1,7,7874,-1,160684657
1250,0,-1,49,9,8605,-1,106289129
1251,0,-1,22,27,33477,-1,185229213
1252,0,-1,62,11,6230,-1,1175223
1253,0,-1,23,5,5639,-1,77568073
1254,0,-1,51,28,7186,-1,191233686
1255,0,-1,16,10,29508,-1,22593707
1256,0,-1,48,5,21715,-1,161954650
1257,0,-1,61,56,21137,-1,187410551
1258,0,-1,47,33,50120,-1,168633440
1259,0,-1,40,29,45320,-1,73826841
1260,0,-1,49,54,7118,-1,81103096
1261,0,-1,20,57,6073,-1,40210913
1262,0,-1,51,12,22077,-1,94790805
1263,0,-1,0,12,9041,-1,61516849
1264,0,-1,22,62,5272,-1,100204832
1265,0,-1,21,51,10389,-1,30491328
1266,0,-1,47,6,5730,-1,28864189
1267,0,-1,2,23,44740,-1,511151
1268,0,-1,14,8,13147,-1,65222376
1269,0,-1,3,53,7996,-1,9391993
1270,0,-1,32,46,22482,-1,98332555
1271,0,-1,44,60,12750,-1,110341709
1272,0,-1,36,27,4897,-1,189998613
1273,0,-1,34,7,195438,-1,173606013
1274,0,-1,43,57,84101,-1,99692352
1275,0,-1,55,3,5252,-1,8117137
1276,0,-1,59,0,121426,-1,155589522
1277,0,-1,0,17,25166,-1,67983640
1278,0,-1,22,16,4898,-1,34352771
1279,0,-1,34,9,5319,-1,16085536
1280,0,-1,4,62,9841,-1,1137244
1281,0,-1,42,46,26487,-1,186703210
1282,0,-1,10,31,9014,-1,53909786
1283,0,-1,24,14,6363,-1,584823
1284,0,-1,10,55,9635,-1,170797770
1285,0,-1,40,22,25230,-1,91525330
1286,0,-1,51,4,163522,-1,134834967
1287,0,-1,61,38,15643,-1,87332039
1288,0,-1,8,19,44198,-1,24525546
1289,0,-1,10,25,7101,-1,100119449
1290,0,-1,9,7,18710,-1,84982118
1291,0,-1,7,26,6619,-1,13178743
1292,0,-1,5,13,18871,-1,12774355
1293,0,-1,58,32,5373,-1,79532161
1294,0,-1,16,7,6562,-1,97750145
1295,0,-1,27,34,5052,-1,29689912
1296,0,-1,25,40,26091,-1,182298494
1297,0,-1,2,37,6619,-1,75643122
1298,0,-1,39,49,9302,-1,37453782
1299,0,-1,13,8,6338,-1,105957573
1300,0,-1,11,50,37749,-1,24922778
1301,0,-1,49,0,5261,-1,24318368
1302,0,-1,47,56,9644,-1,127971830
1303,0,-1,6,55,9108,-1,148496265
1304,0,-1,57,29,18254,-1,27178674
1305,0,-1,27,43,5849,-1,20025667
1306,0,-1,34,6,6037,-1,173395588
1307,0,-1,30,2,10465,-1,96255956
1308,0,-1,62,11,5581,-1,162689735
1309,0,-1,28,29,7531,-1,32719833
1310,0,-1,11,27,22696,-1,32313427
1311,0,-1,6,62,6530,-1,42839865
1312,0,-1,10,44,11876,-1,6278222
1313,0,-1,46,54,29273,-1,22599839
1314,0,-1,10,55,8787,-1,86881661
1315,0,-1,41,8,12167,-1,106815793
1316,0,-1,60,49,22270,-1,165552645
1317,0,-1,54,2,26010,-1,176167510
1318,0,-1,18,42,5698,-1,45608957
1319,0,-1,45,61,9311,-1,173018791
1320,0,-1,3,58,11937,-1,70929884
1321,0,-1,62,56,27129,-1,102689136
1322,0,-1,26,40,10511,-1,150510634
1323,0,-1,11,33,13225,-1,63509993
1324,0,-1,4,12,5639,-1,175457891
1325,0,-1,60,63,39627,-1,69530530
1326,0,-1,58,30,28648,-1,1790088
1327,0,-1,40,8,5289,-1,70140991
1328,0,-1,45,46,4981,-1,199219395
1329,0,-1,3,24,10251,-1,142668960
1330,0,-1,42,39,6524,-1,28234566
1331,0,-1,7,26,18000,-1,59149641
1332,0,-1,45,57,16086,-1,669447
1333,0,-1,20,52,31692,-1,135643757
1334,0,-1,63,15,7889,-1,140769467
1335,0,-1,38,45,17625,-1,70720779
1336,0,-1,17,49,6034,-1,110771166
1337,0,-1,25,43,8342,-1,25282642
1338,0,-1,26,11,5620,-1,122642667
1339,0,-1,31,32,6318,-1,143581040
1340,0,-1,22,10,17542,-1,117502310
1341,0,-1,7,55,11114,-1,43049109
1342,0,-1,13,23,20771,-1,186855884
1343,0,-1,24,39,31610,-1,146502083
1344,0,-1,61,9,8077,-1,106052938
1345,0,-1,49,35,10141,-1,105879256
1346,0,-1,24,48,20503,-1,81223057
1347,0,-1,55,57,6757,-1,429533
1348,0,-1,7,44,11877,-1,118309793
1349,0,-1,44,17,19194,-1,136847098
1350,0,-1,50,26,9924,-1,98788215
1351,0,-1,21,41,17944,-1,136492998
1352,0,-1,56,0,32499,-1,126039119
1353,0,-1,62,18,6715,-1,8669624
1354,0,-1,11,32,9494,-1,138020738
1355,0,-1,13,51,5374,-1,115939472
1356,0,-1,60,4,6874,-1,24393583
1357,0,-1,8,27,13833,-1,128757405
1358,0,-1,8,58,5371,-1,181086222
1359,0,-1,55,6,5162,-1,193246940
1360,0,-1,2,16,7617,-1,158617980
1361,0,-1,56,38,84807,-1,60736103
1362,0,-1,26,42,5334,-1,190132432
1363,0,-1,16,10,21616,-1,148213773
1364,0,-1,34,59,5938,-1,71153574
1365,0,-1,58,62,22794,-1,123999764
1366,0,-1,36,19,120801,-1,172392035
1367,0,-1,10,13,13086,-1,91190916
1368,0,-1,54,11,8157,-1,191712519
1369,0,-1,62,36,8731,-1,147410847
1370,0,-1,9,45,10503,-1,190335965
1371,0,-1,45,15,14885,-1,198726932
1372,0,-1,20,23,7838,-1,150622748
1373,0,-1,39,23,13474,-1,6631110
1374,0,-1,0,43,5084,-1,667716
1375,0,-1,9,20,11970,-1,27987681
1376,0,-1,52,22,6943,-1,177844727
1377,0,-1,43,41,6976,-1,8061737
1378,0,-1,33,8,7686,-1,177550609
1379,0,-1,13,5,8850,-1,57329374
1380,0,-1,17,63,4932,-1,6337140
1381,0,-1,51,17,5645,-1,166974606
1382,0,-1,10,22,9544,-1,7672668
1383,0,-1,23,8,123285,-1,12525953
1384,0,-1,30,3,7359,-1,164723875
1385,0,-1,61,42,7554,-1,16208497
1386,0,-1,3,11,6295,-1,113289282
1387,0,-1,11,25,15964,-1,9394921
1388,0,-1,57,25,72297,-1,59326393
1389,0,-1,5,29,50573,-1,166758860
1390,0,-1,7,48,57378,-1,145842253
1391,0,-1,5,38,5450,-1,86982518
1392,0,-1,27,36,7208,-1,110997980
1393,0,-1,24,55,13799,-1,7192770
1394,0,-1,31,4,4898,-1,151781675
1395,0,-1,23,7,6395,-1,156792585
1396,0,-1,48,27,8591,-1,74099744
1397,0,-1,26,23,7679,-1,169471824
1398,0,-1,9,11,6893,-1,192458735
1399,0,-1,63,42,15215,-1,165053898
1400,0,-1,16,63,7429,-1,64210239
1401,0,-1,31,35,30575,-1,88893900
1402,0,-1,17,21,6305,-1,90363472
1403,0,-1,46,60,16111,-1,12401227
1404,0,-1,7,50,15853,-1,140653889
1405,0,-1,4,8,4905,-1,63753198
1406,0,-1,23,7,7918,-1,87172013
1407,0,-1,20,49,44617,-1,74443348
1408,0,-1,62,13,6345,-1,25396215
1409,0,-1,49,52,12295,-1,84490762
1410,0,-1,54,32,5495,-1,108260273
1411,0,-1,27,28,175566,-1,129383866
1412,0,-1,11,2,279081,-1,28780728
1413,0,-1,8,35,35980,-1,42001599
1414,0,-1,54,8,8484,-1,130180872
1415,0,-1,61,33,11148,-1,47992276
1416,0,-1,44,53,13121,-1,72757111
1417,0,-1,33,7,6894,-1,122429939
1418,0,-1,11,32,15575,-1,84704879
1419,0,-1,1,3,100362,-1,66180307
1420,0,-1,1,44,6609,-1,139426758
1421,0,-1,57,41,41491,-1,176368240
1422,0,-1,17,34,18400,-1,119354788
1423,0,-1,54,43,85990,-1,151707170
1424,0,-1,28,62,5083,-1,170987225
1425,0,-1,0,36,10454,-1,28080346
1426,0,-1,27,57,51309,-1,35153429
1427,0,-1,56,11,348299,-1,50999951
1428,0,-1,18,50,37896,-1,50267759
1429,0,-1,14,7,10813,-1,50785033
1430,0,-1,37,53,12845,-1,131715517
1431,0,-1,11,2,1666957,-1,116877700
1432,0,-1,20,0,11452,-1,92334692
1433,0,-1,15,62,58470,-1,147748756
1434,0,-1,38,54,9050,-1,74871119
1435,0,-1,44,49,6069,-1,19898497
1436,0,-1,50,35,6031,-1,5526297
1437,0,-1,58,21,6214,-1,89758630
1438,0,-1,0,37,117609,-1,96924424
1439,0,-1,10,18,5173,-1,84883979
1440,0,-1,54,31,34641,-1,138565122
1441,0,-1,55,52,18730,-1,132141704
1442,0,-1,31,15,100354,-1,173074066
1443,0,-1,58,26,8245,-1,120012130
1444,0,-1,28,17,19232,-1,4509268
1445,0,-1,43,32,173374,-1,103687674
1446,0,-1,3,27,34029,-1,83846215
1447,0,-1,51,10,10164,-1,94225551
1448,0,-1,53,39,37364,-1,147139311
1449,0,-1,35,2,10486,-1,94174263
1450,0,-1,33,30,5922,-1,19118432
1451,0,-1,28,36,20168,-1,177742205
1452,0,-1,14,7,6705,-1,65079350
1453,0,-1,16,27,10123,-1,9790117
1454,0,-1,31,22,7529,-1,65258230
1455,0,-1,53,30,5117,-1,171194936
1456,0,-1,58,42,5122,-1,37427256
1457,0,-1,26,4,16330,-1,37323106
1458,0,-1,9,29,13942,-1,36206054
1459,0,-1,41,45,249960,-1,174724749
1460,0,-1,60,52,31892,-1,127791572
1461,0,-1,50,20,18549,-1,65835545
1462,0,-1,4,46,8230,-1,14203158
1463,0,-1,35,36,28643,-1,190053777
1464,0,-1,55,53,7553,-1,6963566
1465,0,-1,56,57,6572,-1,78348817
1466,0,-1,42,50,16468,-1,154423568
1467,0,-1,46,47,140424,-1,183707193
1468,0,-1,21,11,11935,-1,90847454
1469,0,-1,51,36,19145,-1,158962758
1470,0,-1,38,30,35741,-1,105091060
1471,0,-1,55,10,5911,-1,110497324
1472,0,-1,25,33,7520,-1,150832841
1473,0,-1,7,61,16715,-1,158980213
1474,0,-1,42,24,83325,-1,141320026
1475,0,-1,9,5,7951,-1,187408278
1476,0,-1,7,9,13003,-1,38609095
1477,0,-1,39,57,7019,-1,68730667
1478,0,-1,54,50,14608,-1,179410667
1479,0,-1,33,6,6036,-1,15355409
1480,0,-1,40,36,8623,-1,43248477
1481,0,-1,20,50,57013,-1,41196121
1482,0,-1,38,4,12920,-1,39293911
1483,0,-1,53,38,10665,-1,119103381
1484,0,-1,44,25,28458,-1,53232917
1485,0,-1,13,28,9011,-1,114085484
1486,0,-1,48,19,7791,-1,61404698
1487,0,-1,22,53,11064,-1,160122824
1488,0,-1,46,18,5329,-1,22134854
1489,0,-1,5,60,16173,-1,123675597
1490,0,-1,52,29,5677,-1,128503202
1491,0,-1,53,16,7136,-1,77884574
1492,0,-1,17,49,21795,-1,181670562
1493,0,-1,36,61,49240,-1,47123310
1494,0,-1,37,19,8074,-1,22789450
1495,0,-1,13,34,6516,-1,148196486
1496,0,-1,0,15,7010,-1,98413539
1497,0,-1,55,8,7853,-1,121721939
1498,0,-1,50,7,13671,-1,124016906
1499,0,-1,32,30,12902,-1,120134947
1500,0,-1,58,25,136425,-1,119172282
1501,0,-1,48,63,20979,-1,33984372
1502,0,-1,3,18,5990,-1,173846136
1503,0,-1,34,40,8084,-1,103511452
1504,0,-1,62,22,5818,-1,152924626
1505,0,-1,8,15,7380,-1,145407292
1506,0,-1,15,19,8398,-1,124363742
1507,0,-1,11,47,5072,-1,23182645
1508,0,-1,0,51,14368,-1,3497999
1509,0,-1,10,17,7295,-1,32860195
1510,0,-1,1,21,46983,-1,84694363
1511,0,-1,16,38,10093,-1,79954752
1512,0,-1,45,1,10059,-1,41613708
1513,0,-1,3,12,7696,-1,1751762
1514,0,-1,30,47,14266,-1,70230261
1515,0,-1,7,44,132043,-1,20522189
1516,0,-1,4,34,58851,-1,939687
1517,0,-1,39,56,18230,-1,18072340
1518,0,-1,32,31,38319,-1,199258055
1519,0,-1,41,52,40571,-1,117830396
1520,0,-1,13,61,7593,-1,48909910
1521,0,-1,54,10,5085,-1,32063593
1522,0,-1,49,2,6099,-1,116444763
1523,0,-1,18,41,7190,-1,6730549
1524,0,-1,3,51,51480,-1,56166527
1525,0,-1,36,46,5283,-1,116156925
1526,0,-1,16,54,8647,-1,101993450
1527,0,-1,59,55,15893,-1,140340563
1528,0,-1,34,43,20935,-1,73729870
1529,0,-1,2,37,6286,-1,153778408
1530,0,-1,44,17,5590,-1,22755643
1531,0,-1,47,14,9046,-1,43763612
1532,0,-1,8,9,5453,-1,118172522
1533,0,-1,22,20,7814,-1,170017723
1534,0,-1,4,14,9174,-1,121769108
1535,0,-1,14,54,11650,-1,95928576
1536,0,-1,53,16,15358,-1,125578928
1537,0,-1,25,57,5123,-1,21466468
1538,0,-1,32,7,27631,-1,90425598
1539,0,-1,7,18,6017,-1,12068010
1540,0,-1,27,47,9257,-1,191305392
1541,0,-1,28,40,91210,-1,132379737
1542,0,-1,44,51,11152,-1,183343481
1543,0,-1,55,3,15821,-1,176771853
1544,0,-1,8,52,10740,-1,145692878
1545,0,-1,3,59,10046,-1,60666290
1546,0,-1,46,28,6504,-1,33792373
1547,0,-1,7,8,31402,-1,16573356
1548,0,-1,44,22,184605,-1,91836753
1549,0,-1,50,19,7942,-1,26622483
1550,0,-1,14,52,23488,-1,28437134
1551,0,-1,37,10,8375,-1,159070297
1552,0,-1,54,53,5836,-1,44791641
1553,0,-1,46,23,11448,-1,160898674
1554,0,-1,31,5,20897,-1,30853802
1555,0,-1,38,47,8583,-1,152524644
1556,0,-1,12,40,35840,-1,141564402
1557,0,-1,20,15,29140,-1,57507457
1558,0,-1,8,30,36647,-1,133897364
1559,0,-1,29,15,11688,-1,161215137
1560,0,-1,37,11,6347,-1,90560138
1561,0,-1,39,30,24617,-1,71395858
1562,0,-1,56,11,15671,-1,125143469
1563,0,-1,63,58,18701,-1,193265210
1564,0,-1,35,47,6031,-1,152888431
1565,0,-1,30,3,10906,-1,91523941
1566,0,-1,6,2,12409,-1,38823743
1567,0,-1,35,3,25091,-1,197529002
1568,0,-1,52,53,5056,-1,158381268
1569,0,-1,60,6,7215,-1,7190911
1570,0,-1,2,4,134432,-1,194235718
1571,0,-1,26,16,5892,-1,182001647
1572,0,-1,61,21,5452,-1,112253776
1573,0,-1,0,35,51609,-1,38193796
1574,0,-1,51,7,11467,-1,83276481
1575,0,-1,28,55,31969,-1,195918226
1576,0,-1,51,40,14924,-1,152665186
1577,0,-1,22,60,18234,-1,133056469
1578,0,-1,30,41,20897,-1,198141845
1579,0,-1,53,36,19011,-1,110479642
1580,0,-1,45,29,12335,-1,22265859
1581,0,-1,54,47,26757,-1,196601349
1582,0,-1,57,38,16214,-1,167978296
1583,0,-1,35,0,356655,-1,25643871
1584,0,-1,37,4,5630,-1,127477454
1585,0,-1,60,1,7910,-1,24172742
1586,0,-1,49,20,6435,-1,46669807
1587,0,-1,31,10,30021,-1,41562372
1588,0,-1,20,39,7061,-1,186380541
1589,0,-1,10,47,26307,-1,75388520
1590,0,-1,19,55,6181,-1,77296513
1591,0,-1,62,63,11541,-1,195388054
1592,0,-1,46,23,13324,-1,55986975
1593,0,-1,32,56,99675,-1,102281178
1594,0,-1,44,36,52556,-1,93922049
1595,0,-1,26,2,18367,-1,8502160
1596,0,-1,22,26,6667,-1,73392835
1597,0,-1,32,50,5893,-1,69202760
1598,0,-1,62,58,68640,-1,9962162
1599,0,-1,60,38,11925,-1,158689891
1600,0,-1,41,52,5359,-1,111829798
1601,0,-1,54,45,6798,-1,51130008
1602,0,-1,36,63,9554,-1,4861600
1603,0,-1,4,36,5759,-1,32707980
1604,0,-1,16,8,5816,-1,147538713
1605,0,-1,28,6,26926,-1,159011972
1606,0,-1,25,8,8168,-1,160113300
1607,0,-1,8,30,38811,-1,69144099
1608,0,-1,26,59,87992,-1,135198073
1609,0,-1,11,35,8187,-1,153674243
1610,0,-1,59,29,7307,-1,65849260
1611,0,-1,54,57,5304,-1,169947734
1612,0,-1,6,59,15702,-1,65508892
1613,0,-1,49,50,23131,-1,40556394
1614,0,-1,62,42,5301,-1,196843649
1615,0,-1,1,63,9468,-1,21745466
1616,0,-1,35,39,5718,-1,822421
1617,0,-1,0,42,6529,-1,87009256
1618,0,-1,26,14,5161,-1,167053945
1619,0,-1,40,55,8051,-1,109776715
1620,0,-1,8,40,6189,-1,99898484
1621,0,-1,38,37,9874,-1,126827672
1622,0,-1,41,24,10983,-1,111389964
1623,0,-1,10,7,8082,-1,23990197
1624,0,-1,31,39,5055,-1,17570896
1625,0,-1,31,10,5701,-1,191112330
1626,0,-1,2,52,584818,-1,85325835
1627,0,-1,26,60,329801,-1,174800851
1628,0,-1,57,6,5156,-1,61881037
1629,0,-1,57,48,8534,-1,179481741
1630,0,-1,61,27,18335,-1,153581570
1631,0,-1,11,31,5027,-1,154474883
1632,0,-1,42,31,29402,-1,170009160
1633,0,-1,50,36,10312,-1,3996333
1634,0,-1,0,57,6452,-1,11953532
1635,0,-1,4,22,47195,-1,11968837
1636,0,-1,17,35,8133,-1,10466649
1637,0,-1,0,49,16599,-1,149140322
1638,0,-1,23,12,4948,-1,179971788
1639,0,-1,19,37,64452,-1,14417100
1640,0,-1,15,47,5052,-1,28741229
1641,0,-1,28,32,4987,-1,90602089
1642,0,-1,33,27,19278,-1,63414212
1643,0,-1,47,53,11895,-1,163650327
1644,0,-1,58,16,7115,-1,41853082
1645,0,-1,14,0,6974,-1,99851142
1646,0,-1,12,49,4291744,-1,65286898
1647,0,-1,60,31,60796,-1,67105542
1648,0,-1,2,10,5904,-1,75624212
1649,0,-1,37,48,8005,-1,172480184
1650,0,-1,40,24,11158,-1,109478046
1651,0,-1,18,37,7085,-1,58817451
1652,0,-1,26,54,7141,-1,129401634
1653,0,-1,7,33,22420,-1,108395808
1654,0,-1,28,33,13350,-1,179210980
1655,0,-1,21,40,153766,-1,86392644
1656,0,-1,43,24,6908,-1,2680744
1657,0,-1,23,1,8624,-1,56439423
1658,0,-1,3,17,6276,-1,139818377
1659,0,-1,21,22,29271,-1,131596756
1660,0,-1,41,22,26922,-1,112909590
1661,0,-1,43,45,13490,-1,5641687
1662,0,-1,48,56,9449,-1,197322253
1663,0,-1,10,31,5791,-1,108140066
1664,0,-1,55,35,20568,-1,44989735
1665,0,-1,59,19,15508,-1,186759279
1666,0,-1,54,38,30936,-1,189775502
