0,1,999,25,48,4620,-1,27348128
1,1,999,29,10,4620,-1,3208087
2,1,999,27,55,4620,-1,16407337
4,1,0,39,14,24,24,39191838
10,1,0,20,41,24,24,5126240
14,1,0,1,29,24,24,4591504
16,1,999,57,2,4620,-1,34014109
21,1,999,33,5,4620,-1,39359923
24,1,0,40,61,24,24,38138874
25,1,0,49,23,24,24,6993334
28,1,0,19,53,24,24,7071444
29,1,999,2,60,9240,-1,16315417
35,1,0,41,59,24,24,10906433
38,1,0,24,44,24,24,32803883
42,1,0,42,50,24,24,6467377
45,1,0,24,60,24,24,6123836
46,1,0,14,5,24,24,19554935
49,1,999,57,48,4620,-1,48645929
52,1,999,3,45,9240,-1,17231945
59,1,999,55,52,4620,-1,39689890
63,1,0,60,4,24,24,16584719
65,1,999,30,37,4620,-1,30569635
66,1,0,29,61,24,24,42017650
67,1,999,51,7,4620,-1,17261535
72,1,999,0,43,4620,-1,45114753
76,1,0,19,17,24,24,18168246
83,1,0,46,11,24,24,31494959
84,1,0,12,59,24,24,16270022
88,1,0,5,9,24,24,39582565
90,1,0,31,59,24,24,23007163
96,1,0,37,14,24,24,47848178
99,1,0,55,1,24,24,47800656
102,1,0,53,33,24,24,9640896
107,1,999,33,3,4620,-1,6270845
111,1,0,19,55,24,24,43373104
118,1,0,38,27,24,24,3906742
119,1,0,1,18,24,24,46526952
121,1,999,24,25,4620,-1,49522028
124,1,999,49,59,4620,-1,37492301
126,1,999,59,47,4620,-1,33470657
128,1,0,20,17,24,24,35970069
129,1,999,14,15,4620,-1,40120475
131,1,0,1,3,24,24,38942016
132,1,999,14,21,4620,-1,16630287
135,1,0,18,10,24,24,36013149
138,1,999,45,9,4620,-1,25827495
140,1,999,15,54,4620,-1,17005799
143,1,999,8,16,4620,-1,2971991
149,1,0,29,12,24,24,36000391
153,1,0,18,63,24,24,42201613
156,1,0,52,44,24,24,10310899
157,1,999,24,20,4620,-1,29795296
158,1,999,49,4,4620,-1,26705624
161,1,0,60,1,24,24,2889661
163,1,999,6,7,4620,-1,30018830
164,1,0,40,48,24,24,40456143
165,1,0,20,17,24,24,9346324
170,1,0,9,42,24,24,37448980
171,1,999,23,60,4620,-1,15414264
174,1,999,37,18,4620,-1,22134385
177,1,999,24,63,4620,-1,909478
189,1,999,3,33,4620,-1,8393566
193,1,0,3,19,24,24,41662032
195,1,0,35,45,24,24,30747370
196,1,0,32,1,24,24,47997211
198,1,999,26,63,4620,-1,5251025
200,1,999,47,37,4620,-1,13224706
201,1,999,12,44,4620,-1,10480659
204,1,0,6,50,24,24,10128866
207,1,999,41,16,4620,-1,10530472
208,1,999,0,36,4620,-1,30282163
209,1,999,24,59,4620,-1,14540835
214,1,0,54,12,24,24,1936113
216,1,999,6,2,4620,-1,4151409
217,1,999,28,43,4620,-1,48850372
221,1,0,40,16,24,24,19739471
223,1,0,25,15,24,24,46795761
225,1,0,35,32,24,24,21130790
227,1,0,1,39,24,24,19963676
228,1,999,29,30,4620,-1,5657526
230,1,999,13,1,4620,-1,38456479
231,1,0,37,6,24,24,33204240
234,1,0,27,33,24,24,43708836
235,1,0,39,38,24,24,5413362
239,1,999,35,32,4620,-1,41684610
241,1,999,33,11,4620,-1,6802933
242,1,999,11,26,4620,-1,44095364
245,1,999,17,2,4620,-1,37976725
250,1,0,44,13,24,24,31315849
252,1,0,14,26,24,24,20468755
256,1,0,31,60,24,24,37871371
257,1,999,26,28,69300,-1,752443
259,1,0,1,5,24,24,19873336
260,1,0,54,8,24,24,47929019
261,1,0,20,42,24,24,18170692
262,1,0,29,40,24,24,13889783
264,1,999,10,0,4620,-1,32060800
266,1,999,63,51,4620,-1,34577064
268,1,999,60,28,4620,-1,2883771
275,1,999,24,21,4620,-1,49153421
279,1,999,8,61,4620,-1,50289651
281,1,0,0,44,24,24,16165470
284,1,0,38,25,24,24,46978441
287,1,999,35,60,4620,-1,31915635
288,1,0,57,6,24,24,36420941
289,1,0,0,46,24,24,29394537
296,1,0,61,62,24,24,7324097
298,1,0,18,15,24,24,3156847
301,1,0,40,55,24,24,31090223
302,1,999,37,0,4620,-1,15752956
306,1,999,47,22,4620,-1,154448
307,1,0,9,33,24,24,40074474
308,1,999,12,40,4620,-1,45621348
311,1,0,10,42,24,24,23898886
312,1,0,5,60,24,24,1592580
314,1,0,30,36,24,24,22696431
318,1,999,15,23,4620,-1,12887117
319,1,0,58,50,24,24,37651684
323,1,0,5,4,24,24,40100327
325,1,0,28,31,24,24,15970557
330,1,0,42,4,24,24,11587775
331,1,0,16,24,24,24,4825957
333,1,999,9,57,4620,-1,3100707
337,1,999,29,26,4620,-1,3901410
340,1,999,40,14,4620,-1,10954146
341,1,0,15,60,24,24,2882344
343,1,0,21,49,24,24,51289856
344,1,0,0,12,24,24,33673599
347,1,0,36,5,24,24,50926724
348,1,0,22,30,24,24,4765109
350,1,0,44,13,24,24,44027549
351,1,999,34,29,4620,-1,21122459
353,1,0,31,50,24,24,43138737
354,1,0,4,30,24,24,23815527
355,1,999,0,2,18480,-1,26509821
357,1,0,8,48,24,24,18005041
360,1,0,32,21,24,24,31967312
361,1,0,48,42,24,24,378599
364,1,0,7,59,24,24,16070429
366,1,0,14,20,24,24,20417208
370,1,0,15,57,24,24,24117363
375,1,0,17,59,24,24,15172613
377,1,0,17,27,24,24,44262088
382,1,0,58,61,24,24,25820268
384,1,999,48,52,4620,-1,15101609
385,1,999,36,38,4620,-1,40134214
387,1,999,15,57,4620,-1,7935599
391,1,0,48,49,24,24,30348540
392,1,999,20,48,4620,-1,21547961
393,1,999,41,56,4620,-1,5419531
394,1,999,14,51,4620,-1,28126277
395,1,999,27,50,69300,-1,37986349
396,1,0,47,45,24,24,17816004
397,1,0,56,58,24,24,50912638
399,1,0,19,1,24,24,6740669
401,1,999,13,19,4620,-1,2490288
402,1,999,2,48,4620,-1,20526160
403,1,0,31,24,24,24,4628115
404,1,999,15,46,4620,-1,49546963
405,1,0,41,4,24,24,20856133
407,1,0,32,13,24,24,41128758
408,1,999,34,6,4620,-1,48763853
409,1,0,19,53,24,24,17434269
413,1,999,13,25,138600,-1,54975
414,1,999,22,16,4620,-1,10168863
415,1,999,31,47,4620,-1,39561725
416,1,0,41,42,24,24,26391604
417,1,0,55,30,24,24,1707777
419,1,0,34,10,24,24,11002818
420,1,0,16,41,24,24,37869776
421,1,0,10,39,24,24,37864249
424,1,0,0,1,24,24,4159397
426,1,999,54,61,4620,-1,40822444
431,1,999,6,45,4620,-1,14089280
432,1,999,17,47,4620,-1,16463155
433,1,0,18,1,24,24,28224740
434,1,999,3,50,4620,-1,47753713
435,1,0,63,19,24,24,10270261
437,1,0,18,44,24,24,18578041
442,1,999,56,29,4620,-1,25581483
446,1,999,60,7,4620,-1,12694341
447,1,0,2,32,24,24,982737
448,1,999,9,3,4620,-1,44275617
454,1,0,37,5,24,24,10393776
455,1,0,38,51,24,24,6444364
456,1,999,36,46,4620,-1,9995383
457,1,999,52,14,4620,-1,32707618
458,1,999,49,31,78540,-1,3193605
461,1,0,36,58,24,24,31823469
462,1,0,14,15,24,24,48297205
465,1,0,44,7,24,24,46204617
470,1,0,24,46,24,24,12095780
474,1,0,47,4,24,24,44080186
479,1,999,18,37,4620,-1,28846487
480,1,0,60,40,24,24,15375519
484,1,0,59,11,24,24,9659167
486,1,0,35,60,24,24,30039522
488,1,999,37,23,73920,-1,44613649
489,1,0,58,43,24,24,15989334
495,1,0,12,34,24,24,7982507
498,1,999,30,15,4620,-1,15090580
500,1,999,54,3,4620,-1,47651195
501,1,0,20,13,24,24,11569229
505,1,0,1,60,24,24,10999398
506,1,999,30,22,4620,-1,18388608
507,1,999,17,44,4620,-1,49591305
516,1,0,12,45,24,24,5104851
519,1,0,3,43,24,24,24135164
520,1,999,13,63,4620,-1,23078396
521,1,0,27,0,24,24,36275492
522,1,999,59,35,4620,-1,23972745
527,1,999,49,21,9240,-1,34292962
529,1,0,59,58,24,24,15757306
531,1,999,57,30,4620,-1,31080828
532,1,999,48,13,4620,-1,1966070
533,1,0,63,16,24,24,38746732
539,1,0,53,59,24,24,22898370
541,1,999,25,53,4620,-1,12263687
542,1,0,17,7,24,24,20777863
543,1,999,3,35,4620,-1,29288976
545,1,999,18,12,4620,-1,43523017
548,1,999,31,4,4620,-1,45275180
553,1,999,8,43,4620,-1,22411329
554,1,0,29,20,24,24,48855649
559,1,0,26,32,24,24,41572700
560,1,0,20,47,24,24,12616593
561,1,999,38,51,4620,-1,27805599
563,1,0,31,3,24,24,20987286
566,1,999,39,10,4620,-1,44503615
567,1,0,6,34,24,24,1530526
571,1,999,39,6,4620,-1,2712059
573,1,0,14,6,24,24,34557663
574,1,999,58,52,4620,-1,30454540
575,1,0,16,40,24,24,1608869
578,1,999,21,11,4620,-1,8771165
579,1,0,55,53,24,24,35234380
580,1,0,63,46,24,24,47314940
583,1,0,45,5,24,24,40600474
587,1,999,12,10,4620,-1,18275428
588,1,999,15,36,4620,-1,44831787
589,1,999,20,32,4620,-1,41217161
590,1,999,23,36,4620,-1,5665440
591,1,0,16,58,24,24,44609885
592,1,999,26,31,4620,-1,35225814
593,1,0,61,17,24,24,10630600
596,1,0,39,30,24,24,4240917
600,1,0,63,7,24,24,12607990
603,1,999,7,22,95480,-1,24873513
610,1,0,28,60,24,24,10057572
613,1,0,61,15,24,24,50945054
615,1,0,46,16,24,24,5539510
616,1,999,63,32,4620,-1,22680602
620,1,0,24,48,24,24,11996380
624,1,0,56,16,24,24,30622862
629,1,999,39,3,4620,-1,34022759
632,1,999,1,27,4620,-1,21868303
633,1,0,14,20,24,24,6604891
637,1,0,18,48,24,24,49119273
638,1,999,40,63,4620,-1,46127488
641,1,999,22,62,4620,-1,40205070
642,1,999,49,50,4620,-1,17164318
646,1,999,16,33,4620,-1,21179863
647,1,0,41,20,24,24,16900501
648,1,999,39,22,4620,-1,10036976
650,1,0,60,35,24,24,15490088
652,1,0,8,44,24,24,39023828
653,1,999,39,0,4620,-1,34211751
656,1,0,56,51,24,24,5684889
659,1,999,25,49,4620,-1,21983383
661,1,999,6,20,4620,-1,18609334
663,1,999,1,46,13860,-1,35319341
664,1,0,37,48,24,24,49873688
665,1,999,32,27,138600,-1,18481788
666,1,999,34,14,4620,-1,50090465
670,1,0,47,19,24,24,6140213
671,1,999,62,42,4620,-1,31087456
672,1,0,6,14,24,24,40157972
673,1,999,24,27,4620,-1,5956468
676,1,0,2,38,24,24,13477259
677,1,999,36,7,4620,-1,33091367
679,1,0,42,48,24,24,31413495
680,1,999,36,17,73920,-1,37262700
683,1,0,1,4,24,24,12362365
696,1,0,11,24,24,24,29011677
697,1,999,45,62,4620,-1,19198664
698,1,0,33,13,24,24,14574711
699,1,999,35,11,4620,-1,42177290
702,1,999,40,45,4620,-1,36128621
704,1,999,17,41,69300,-1,625254
706,1,999,7,51,4620,-1,37775891
712,1,999,31,15,4620,-1,8697428
713,1,0,39,2,24,24,35920679
716,1,999,53,50,4620,-1,22211040
719,1,999,10,60,4620,-1,32698922
720,1,0,3,16,24,24,42631590
726,1,0,20,48,24,24,8221647
731,1,0,38,9,24,24,33701699
733,1,999,45,56,4620,-1,28581230
735,1,999,62,4,4620,-1,50913068
736,1,0,27,17,24,24,21727113
742,1,0,17,18,24,24,43163272
747,1,0,16,50,24,24,13399897
749,1,999,37,6,4620,-1,46592274
752,1,999,33,40,9240,-1,269622
753,1,999,24,8,4620,-1,4431158
755,1,0,42,57,24,24,33978623
760,1,999,22,55,4620,-1,8267565
762,1,999,10,9,4620,-1,36516383
763,1,0,10,49,24,24,2193849
764,1,999,38,14,4620,-1,12168800
766,1,999,1,37,4620,-1,30513120
769,1,0,30,20,24,24,23098344
770,1,999,12,23,4620,-1,38623879
773,1,999,24,25,9240,-1,11507176
774,1,0,9,40,24,24,33612268
775,1,0,47,3,24,24,27054674
785,1,999,8,7,4620,-1,1226810
786,1,999,3,46,4620,-1,32090524
787,1,999,60,43,4620,-1,27033180
789,1,999,25,4,69300,-1,39783668
790,1,0,49,62,24,24,9755903
796,1,0,63,6,24,24,2514849
801,1,999,52,61,4620,-1,50414970
802,1,0,2,51,24,24,19334186
803,1,0,8,60,24,24,32795694
804,1,0,52,56,24,24,19689628
806,1,0,1,55,24,24,28453862
807,1,0,62,59,24,24,17319836
809,1,999,37,43,4620,-1,21209792
810,1,0,8,41,24,24,23552888
814,1,0,29,5,24,24,50701131
815,1,0,9,2,24,24,16000210
817,1,0,14,48,24,24,4025937
819,1,999,35,14,4620,-1,13315523
821,1,0,23,16,24,24,17527261
823,1,0,53,47,24,24,30978741
824,1,999,27,26,95480,-1,14363528
827,1,0,12,55,24,24,36219902
829,1,0,5,50,24,24,5250377
830,1,0,54,8,24,24,42419451
831,1,999,40,21,4620,-1,45831592
833,1,999,19,6,4620,-1,933580
834,1,0,28,12,24,24,27276750
835,1,0,9,53,24,24,23513045
836,1,999,14,32,4620,-1,4522846
838,1,999,22,59,4620,-1,21861981
840,1,999,5,13,4620,-1,47782482
841,1,999,11,5,69300,-1,16950256
842,1,999,0,21,4620,-1,4199597
844,1,0,1,16,24,24,25953885
845,1,0,31,63,24,24,33037766
847,1,999,49,55,4620,-1,13448119
848,1,0,40,38,24,24,17889305
851,1,0,10,48,24,24,8614104
859,1,999,13,31,73920,-1,546038
860,1,999,5,50,4620,-1,1965385
861,1,0,28,58,24,24,32579630
863,1,999,7,41,4620,-1,43603540
869,1,0,8,62,24,24,47875102
870,1,0,8,10,24,24,8155778
871,1,0,37,10,24,24,9314
872,1,0,17,25,24,24,16625655
875,1,0,3,26,24,24,20155554
877,1,0,4,55,24,24,32440121
878,1,0,22,39,24,24,39487981
886,1,0,9,39,24,24,40197833
887,1,999,41,44,4620,-1,34751251
888,1,999,36,38,4620,-1,26685387
889,1,0,44,40,24,24,31829080
890,1,999,27,28,4620,-1,44941221
892,1,999,25,58,4620,-1,38872435
893,1,0,25,32,24,24,9924335
895,1,999,35,33,4620,-1,11884081
896,1,0,30,8,24,24,35682337
899,1,999,32,57,4620,-1,21677269
900,1,999,57,62,4620,-1,872976
901,1,0,58,59,24,24,30090619
902,1,999,7,18,4620,-1,35411822
909,1,999,16,17,4620,-1,2725825
911,1,0,57,33,24,24,8118273
912,1,999,35,19,4620,-1,14469045
913,1,999,40,16,4620,-1,36129779
916,1,999,27,7,9240,-1,45611032
917,1,999,25,12,9240,-1,22416072
918,1,0,34,8,24,24,20296530
923,1,999,3,11,4620,-1,45279732
925,1,999,29,62,4620,-1,37926955
931,1,999,52,59,4620,-1,29124247
932,1,0,58,23,24,24,43960267
936,1,999,28,33,4620,-1,32364726
937,1,0,29,52,24,24,32066154
939,1,999,57,21,4620,-1,38895430
941,1,999,42,14,4620,-1,13311706
943,1,0,25,13,24,24,43719116
944,1,999,18,49,9240,-1,38626996
946,1,0,61,3,24,24,48122070
948,1,999,43,17,4620,-1,32427870
952,1,0,40,10,24,24,50095616
953,1,0,30,35,24,24,44590656
955,1,999,15,9,69300,-1,24109567
960,1,999,37,62,4620,-1,51088486
965,1,999,53,8,4620,-1,5937711
970,1,0,24,3,24,24,44555227
971,1,0,17,11,24,24,50238373
972,1,0,57,34,24,24,42702003
975,1,999,58,17,4620,-1,20722749
981,1,0,21,43,24,24,5979036
982,1,999,14,61,4620,-1,45804689
983,1,0,42,13,24,24,11402788
984,1,0,8,2,24,24,22209457
990,1,0,38,54,24,24,3743976
991,1,0,2,60,24,24,3551745
995,1,999,40,9,4620,-1,48554430
998,1,0,42,22,24,24,40663595
999,1,0,41,20,24,24,42950648
1005,1,999,21,1,4620,-1,33155798
1006,1,999,49,30,4620,-1,2451301
1008,1,0,20,48,24,24,5264133
1010,1,0,0,44,24,24,43822797
1011,1,0,27,63,24,24,815800
1016,1,0,63,29,24,24,5593493
1021,1,0,48,59,24,24,49400201
1024,1,999,34,35,4620,-1,17147619
1026,1,999,52,45,4620,-1,27296303
1029,1,0,8,27,24,24,30468502
1031,1,0,13,37,24,24,49337218
1034,1,999,30,42,4620,-1,3709688
1036,1,0,8,57,24,24,11784378
1037,1,0,53,12,24,24,50258339
1040,1,0,23,51,24,24,20226440
1042,1,0,21,18,24,24,39961251
1044,1,999,59,51,4620,-1,31578225
1048,1,999,5,55,4620,-1,4831651
1055,1,999,19,49,4620,-1,35304874
1056,1,0,34,63,24,24,2865996
1058,1,999,37,34,4620,-1,14327226
1062,1,0,9,46,24,24,43802969
1064,1,0,6,12,24,24,16294963
1065,1,999,47,60,4620,-1,2126049
1066,1,999,20,56,4620,-1,48939575
1067,1,999,24,35,4620,-1,16202592
1072,1,999,4,43,4620,-1,8529127
1074,1,0,2,52,24,24,28045592
1078,1,999,34,19,4620,-1,15718960
1081,1,999,47,4,4620,-1,41879922
1082,1,999,51,22,4620,-1,40227699
1084,1,999,54,57,4620,-1,42203824
1086,1,0,63,10,24,24,37497941
1088,1,0,38,8,24,24,8303887
1089,1,0,26,55,24,24,48321133
1090,1,999,28,6,4620,-1,16373022
1092,1,999,30,49,4620,-1,2471698
1096,1,0,24,60,24,24,6425600
1097,1,999,59,7,4620,-1,45654605
1098,1,0,31,56,24,24,16481666
1101,1,999,20,6,4620,-1,38168963
1103,1,0,7,22,24,24,39515343
1105,1,0,52,11,24,24,33777241
1106,1,0,23,58,24,24,42048461
1107,1,0,44,5,24,24,45476827
1114,1,999,55,62,4620,-1,22986106
1116,1,999,54,3,4620,-1,28748297
1118,1,0,41,0,24,24,31244478
1121,1,0,16,3,24,24,29925671
1127,1,999,23,56,4620,-1,47039406
1128,1,0,29,37,24,24,34652658
1134,1,0,32,33,24,24,22501655
1135,1,999,38,22,4620,-1,12090355
1137,1,0,41,34,24,24,1027625
1138,1,0,46,3,24,24,202952
1140,1,0,0,48,24,24,44585917
1142,1,999,6,28,4620,-1,8818020
1145,1,999,22,53,4620,-1,34411293
1146,1,0,39,29,24,24,18177967
1148,1,999,56,30,4620,-1,49049700
1149,1,999,27,5,4620,-1,9328588
1151,1,0,16,48,24,24,37406479
1153,1,999,35,48,4620,-1,31755207
1155,1,999,22,11,4620,-1,36216689
1156,1,999,60,50,4620,-1,25272301
1157,1,0,52,8,24,24,11499277
1161,1,0,60,44,24,24,133695
1163,1,999,12,13,4620,-1,2908893
1167,1,999,13,11,4620,-1,8315353
1169,1,999,24,56,4620,-1,24956800
1170,1,0,38,7,24,24,47502537
1171,1,0,18,60,24,24,18843223
1172,1,0,21,20,24,24,41641276
1180,1,0,17,44,24,24,26214417
1181,1,999,50,54,4620,-1,33297221
1185,1,999,63,56,4620,-1,19509311
1186,1,0,57,34,24,24,49759746
1188,1,0,16,46,24,24,1599294
1189,1,999,35,29,4620,-1,7973088
1192,1,999,30,0,4620,-1,30160194
1193,1,0,33,16,24,24,37448170
1195,1,999,37,32,4620,-1,38666188
1198,1,999,56,54,4620,-1,32646336
1199,1,999,36,55,4620,-1,48138139
1203,1,999,26,23,4620,-1,51365472
1206,1,0,44,12,24,24,11175873
1212,1,999,38,3,69300,-1,1706143
1216,1,0,6,9,24,24,6426326
1217,1,0,2,3,24,24,7838074
1220,1,0,47,36,24,24,23490662
1222,1,999,21,27,4620,-1,20639569
1223,1,999,13,30,78540,-1,34268607
1227,1,0,19,5,24,24,45133267
1228,1,0,19,46,24,24,6545790
1229,1,999,21,22,4620,-1,51054264
1231,1,999,0,23,4620,-1,10718539
1233,1,999,22,11,4620,-1,36704388
1236,1,0,43,48,24,24,43330197
1240,1,0,24,39,24,24,43598866
1243,1,999,58,41,4620,-1,31851819
1244,1,999,43,52,4620,-1,47578160
1251,1,999,24,56,4620,-1,8399809
1252,1,999,8,54,4620,-1,16097068
1254,1,0,36,6,24,24,26465902
1255,1,999,58,49,4620,-1,6062838
1256,1,999,52,55,4620,-1,16805324
1257,1,999,61,58,4620,-1,27157035
1258,1,999,0,40,4620,-1,16130755
1262,1,0,6,48,24,24,24011256
1264,1,0,37,60,24,24,32432252
1265,1,0,40,29,24,24,10108148
1266,1,999,38,61,4620,-1,12195270
1269,1,0,52,23,24,24,11615888
1271,1,999,13,51,4620,-1,20338340
1272,1,0,0,53,24,24,28886818
1273,1,0,12,3,24,24,18485082
1276,1,999,19,40,4620,-1,30192243
1277,1,0,8,6,24,24,22516164
1280,1,999,52,58,4620,-1,4078389
1281,1,999,30,6,4620,-1,14154630
1282,1,999,63,43,47740,-1,40253246
1287,1,999,9,32,4620,-1,18526079
1290,1,0,3,28,24,24,48934371
1292,1,0,1,34,24,24,16124228
1293,1,999,31,26,4620,-1,47765902
1294,1,999,26,27,4620,-1,9076995
1296,1,999,52,57,4620,-1,92890
1301,1,0,25,61,24,24,51021644
1302,1,999,37,13,4620,-1,15607132
1303,1,0,59,55,24,24,1627167
1305,1,0,19,38,24,24,39050553
1306,1,999,9,40,4620,-1,32616521
1307,1,999,60,54,4620,-1,23148235
1311,1,999,3,5,4620,-1,49764590
1315,1,0,13,59,24,24,25491721
1316,1,999,47,49,4620,-1,9015665
1319,1,0,19,63,24,24,46675518
1320,1,999,19,11,4620,-1,1676799
1324,1,0,25,35,24,24,11866009
1326,1,999,14,52,4620,-1,36577199
1328,1,0,43,34,24,24,19721191
1330,1,0,34,3,24,24,41566280
1335,1,999,29,52,4620,-1,33321994
1336,1,0,24,0,24,24,14066836
1337,1,0,30,12,24,24,10574948
1343,1,0,44,18,24,24,17678821
1352,1,999,42,49,4620,-1,3576787
1353,1,999,31,57,4620,-1,25354814
1354,1,999,44,38,9240,-1,2180659
1357,1,999,32,9,4620,-1,48925278
1361,1,0,37,15,24,24,19416944
1362,1,0,13,35,24,24,45161060
1363,1,0,4,20,24,24,44242945
1367,1,0,5,43,24,24,23864263
1368,1,999,39,46,4620,-1,12066949
1369,1,999,49,32,4620,-1,32432486
1370,1,999,52,49,78540,-1,43784788
1372,1,999,2,26,78540,-1,50225607
1375,1,999,21,53,4620,-1,26446916
1376,1,0,3,51,24,24,7356871
1377,1,999,61,16,26180,-1,51364234
1379,1,0,5,12,24,24,34706848
1382,1,0,37,21,24,24,41266887
1384,1,999,21,14,4620,-1,42058845
1387,1,999,24,60,4620,-1,20348502
1388,1,999,14,5,4620,-1,44440718
1390,1,999,36,17,4620,-1,25240246
1395,1,0,31,53,24,24,2723065
1397,1,999,13,40,4620,-1,42196647
1400,1,999,14,50,9240,-1,14133558
1405,1,999,18,8,4620,-1,32063225
1406,1,999,38,21,73920,-1,42629916
1407,1,999,48,54,4620,-1,28728446
1408,1,0,44,2,24,24,48803351
1411,1,0,54,53,24,24,1048919
1413,1,0,49,21,24,24,49442757
1414,1,999,5,6,4620,-1,38530170
1418,1,999,18,63,4620,-1,47536268
1421,1,0,3,4,24,24,47971519
1424,1,0,13,27,24,24,30375180
1427,1,0,18,63,24,24,37061501
1430,1,999,26,5,4620,-1,4599026
1431,1,0,37,42,24,24,11941951
1432,1,999,61,43,4620,-1,44846031
1433,1,0,25,3,24,24,29164437
1436,1,999,6,1,4620,-1,27910414
1441,1,999,55,3,4620,-1,8818217
1442,1,0,59,56,24,24,12096414
1443,1,0,0,8,24,24,42738510
1450,1,999,22,14,138600,-1,46447690
1451,1,0,58,11,24,24,30253524
1452,1,0,25,29,24,24,18841790
1453,1,999,40,20,4620,-1,51074082
1455,1,0,16,6,24,24,8230067
1457,1,999,2,11,4620,-1,16375169
1460,1,0,43,13,24,24,35447063
1464,1,999,12,34,4620,-1,35899397
1467,1,999,63,10,4620,-1,14038088
1468,1,999,14,61,4620,-1,1461331
1469,1,999,23,7,4620,-1,34884261
1471,1,0,26,62,24,24,21731248
1472,1,999,3,4,4620,-1,7002770
1473,1,0,20,7,24,24,6766902
1475,1,0,63,19,24,24,33343040
1476,1,999,31,26,4620,-1,23187375
1478,1,0,50,44,24,24,16396369
1480,1,0,35,14,24,24,49136767
1486,1,999,8,43,4620,-1,13577422
1487,1,999,39,8,4620,-1,41064090
1490,1,0,33,47,24,24,47643734
1493,1,0,25,16,24,24,16913368
1494,1,999,56,51,69300,-1,37607789
1496,1,999,34,19,4620,-1,21760782
1497,1,0,32,13,24,24,24596544
1498,1,999,50,43,4620,-1,30681298
1503,1,0,61,36,24,24,38600387
1504,1,999,6,7,4620,-1,45722991
1505,1,999,6,1,4620,-1,9359822
1507,1,999,42,51,4620,-1,30864926
1508,1,999,32,11,4620,-1,39761832
1509,1,999,10,62,4620,-1,44537987
1510,1,999,24,2,4620,-1,37362002
1511,1,0,13,16,24,24,5716342
1513,1,0,15,29,24,24,2830668
1515,1,0,10,2,24,24,44806292
1516,1,0,46,7,24,24,4059209
1517,1,999,35,63,4620,-1,13982695
1518,1,999,63,60,4620,-1,43214294
1519,1,999,2,45,4620,-1,39893202
1520,1,999,53,7,4620,-1,23020424
1521,1,0,32,1,24,24,8910349
1524,1,0,8,24,24,24,15611080
1525,1,0,59,14,24,24,23370004
1529,1,0,7,58,24,24,24685517
1532,1,999,63,39,4620,-1,23467532
1533,1,999,43,59,4620,-1,31874557
1535,1,999,59,62,4620,-1,15753904
1536,1,999,59,40,4620,-1,26994581
1537,1,0,22,26,24,24,40574369
1540,1,0,34,27,24,24,3974198
1547,1,0,30,37,24,24,36212046
1548,1,0,37,9,24,24,48132707
1551,1,999,30,62,4620,-1,9002826
1553,1,0,26,8,24,24,43098731
1555,1,999,20,30,9240,-1,12585249
1556,1,0,45,23,24,24,47783460
1558,1,0,15,30,24,24,18268596
1561,1,0,32,11,24,24,21967932
1562,1,999,20,23,4620,-1,10603713
1564,1,0,50,4,24,24,44094648
1566,1,0,48,60,24,24,48847307
1569,1,999,25,62,4620,-1,26258991
1574,1,999,29,19,73920,-1,14400877
1578,1,999,6,45,4620,-1,2233540
1579,1,999,19,47,4620,-1,39587101
1585,1,999,35,57,4620,-1,37428755
1586,1,999,38,51,4620,-1,42257018
1588,1,0,14,38,24,24,26226136
1590,1,999,17,13,4620,-1,29869808
1591,1,999,29,19,4620,-1,35165243
1593,1,0,13,57,24,24,11811581
1597,1,999,19,40,4620,-1,5732906
1598,1,0,18,0,24,24,8859071
1599,1,0,33,8,24,24,47995521
1601,1,0,14,38,24,24,42009811
1604,1,0,28,14,24,24,34199390
1605,1,0,32,56,24,24,41751077
1608,1,999,10,29,4620,-1,20655197
1609,1,999,22,20,4620,-1,48060286
1611,1,0,11,48,24,24,8917256
1612,1,999,18,54,4620,-1,44783533
1613,1,0,30,63,24,24,19353347
1614,1,999,6,58,4620,-1,44943509
1615,1,999,27,20,4620,-1,19645677
1619,1,0,18,19,24,24,18986050
1627,1,999,0,47,4620,-1,51328015
1631,1,0,57,14,24,24,35322839
1633,1,0,32,24,24,24,47862028
1637,1,999,16,34,61600,-1,48578667
1638,1,0,2,12,24,24,36280205
1641,1,0,52,55,24,24,11699788
1643,1,999,30,50,4620,-1,31271706
1646,1,0,3,58,24,24,18707357
1647,1,0,7,17,24,24,39283641
1648,1,0,46,16,24,24,24485078
1649,1,999,11,5,4620,-1,29588798
1650,1,999,62,63,4620,-1,24926035
1651,1,999,36,49,4620,-1,9711535
1652,1,0,22,19,24,24,31325959
1657,1,999,14,57,4620,-1,18753190
1658,1,0,35,12,24,24,13469571
1660,1,0,21,43,24,24,7643730
1663,1,999,40,62,4620,-1,38268215
1665,1,0,55,41,24,24,34820804
1666,1,999,48,31,4620,-1,46339261
1668,1,0,9,11,24,24,41574768
1669,1,999,46,14,4620,-1,48186604
1671,1,0,37,11,24,24,3744786
1673,1,0,43,12,24,24,38119066
1677,1,0,23,2,24,24,1204725
1680,1,999,5,30,4620,-1,10384009
1684,1,999,1,4,4620,-1,11974472
1685,1,0,43,20,24,24,43728394
1686,1,999,10,52,4620,-1,41107700
1690,1,0,17,32,24,24,5450945
1691,1,999,36,51,4620,-1,17373669
1693,1,999,34,60,4620,-1,41178555
1695,1,999,28,9,4620,-1,34310103
1696,1,0,7,8,24,24,8624620
1701,1,999,37,55,4620,-1,48550414
1706,1,0,36,32,24,24,45198492
1708,1,0,16,46,24,24,45104615
1709,1,0,11,59,24,24,11590922
1710,1,999,19,50,4620,-1,28545098
1718,1,0,11,48,24,24,40407817
1719,1,0,24,51,24,24,41767210
1724,1,0,42,17,24,24,31442306
1727,1,0,36,40,24,24,49171450
1728,1,0,62,63,24,24,12845463
1729,1,0,31,38,24,24,862099
1731,1,999,35,14,4620,-1,39073979
1732,1,999,18,61,4620,-1,43572597
1734,1,999,40,29,4620,-1,49245873
1740,1,999,26,44,4620,-1,37358225
1744,1,0,56,15,24,24,17589549
1745,1,0,54,12,24,24,44497769
1746,1,0,38,32,24,24,20667650
1749,1,0,15,7,24,24,11599534
1752,1,0,47,35,24,24,18396059
1755,1,0,44,32,24,24,43736507
1759,1,0,48,49,24,24,15443814
1764,1,999,39,1,4620,-1,34848264
1768,1,999,21,53,4620,-1,30084469
1769,1,0,9,57,24,24,17663927
1771,1,999,53,35,4620,-1,25386469
1774,1,999,42,4,4620,-1,39906320
1775,1,0,45,11,24,24,8142386
1776,1,999,27,56,4620,-1,27447162
1778,1,999,30,31,4620,-1,2098365
1779,1,999,43,62,9240,-1,3422084
1780,1,0,9,18,24,24,34804909
1783,1,999,36,27,4620,-1,3774691
1784,1,0,59,34,24,24,7022638
1788,1,999,0,5,4620,-1,5092906
1790,1,999,17,56,4620,-1,2035475
1794,1,999,5,45,4620,-1,16885588
1796,1,0,19,18,24,24,12248231
1802,1,999,2,22,52360,-1,43731133
1803,1,0,31,30,24,24,10630078
1806,1,0,39,10,24,24,35177032
1813,1,999,4,26,95480,-1,31806456
1817,1,999,41,60,4620,-1,6193545
1818,1,0,25,26,24,24,40277803
1820,1,999,26,45,4620,-1,17337683
1829,1,999,52,20,4620,-1,4696583
1830,1,0,15,40,24,24,16974133
1832,1,999,5,52,4620,-1,47859838
1834,1,999,26,6,4620,-1,39227203
1841,1,999,12,10,4620,-1,47832158
1845,1,999,7,12,4620,-1,50138167
1852,1,0,28,58,24,24,46797086
1853,1,999,19,12,4620,-1,5553879
1854,1,0,56,46,24,24,6359495
1856,1,999,4,3,4620,-1,41682155
1866,1,0,49,20,24,24,1367657
1868,1,0,11,44,24,24,29285189
1869,1,0,34,44,24,24,43520335
1872,1,999,30,8,4620,-1,26199369
1873,1,0,2,5,24,24,37351085
1874,1,999,20,36,4620,-1,42220098
1877,1,0,41,16,24,24,27571488
1879,1,999,18,2,4620,-1,16895517
1880,1,0,31,47,24,24,18475001
1885,1,999,37,8,69300,-1,41626328
1890,1,0,11,2,24,24,29722817
1891,1,0,4,30,24,24,30454424
1894,1,0,22,33,24,24,12025102
1898,1,0,38,3,24,24,33081446
1899,1,0,62,12,24,24,6884613
1900,1,0,56,45,24,24,29792913
1901,1,999,22,45,4620,-1,50632363
1904,1,0,47,0,24,24,16731479
1905,1,0,9,12,24,24,33811908
1908,1,999,26,59,4620,-1,47737168
1913,1,999,63,21,4620,-1,9376199
1916,1,999,18,50,9240,-1,35079994
1921,1,0,7,31,24,24,20173870
1922,1,999,14,61,4620,-1,7931783
1923,1,0,38,10,24,24,49890583
1927,1,999,21,4,4620,-1,25080549
1929,1,0,25,61,24,24,50297669
1931,1,0,38,37,24,24,5795695
1933,1,999,45,34,4620,-1,12281875
1938,1,0,47,18,24,24,26379115
1939,1,999,8,47,4620,-1,51379087
1940,1,999,58,21,4620,-1,43674768
1941,1,999,31,18,4620,-1,12288512
1942,1,999,13,52,4620,-1,37627058
1943,1,999,0,27,4620,-1,17679284
1944,1,0,11,31,24,24,14343711
1947,1,999,12,31,4620,-1,50423335
1950,1,999,38,4,4620,-1,9601966
1951,1,0,53,54,24,24,3627900
1952,1,0,49,41,24,24,709012
1957,1,999,24,39,4620,-1,25902878
1959,1,999,30,31,4620,-1,41343170
1960,1,0,9,40,24,24,29172104
1962,1,0,57,17,24,24,21932527
1963,1,999,26,18,9240,-1,29236152
1968,1,999,36,55,4620,-1,18305970
1970,1,0,12,58,24,24,32486196
1975,1,999,36,5,4620,-1,4319524
1976,1,0,47,7,24,24,11664484
1978,1,0,35,15,24,24,39139136
1981,1,999,51,57,66220,-1,25623623
1982,1,0,21,38,24,24,49176447
1983,1,999,6,61,4620,-1,4493384
1984,1,999,29,52,4620,-1,24082200
1986,1,999,51,61,4620,-1,42492460
1987,1,0,40,4,24,24,14723894
1994,1,999,27,17,4620,-1,46136793
1995,1,0,28,27,24,24,49435980
1997,1,999,13,57,4620,-1,10016312
1998,1,999,44,15,4620,-1,38757012
1999,1,0,38,27,24,24,47690566
2000,1,999,0,50,4620,-1,11341242
2001,1,0,12,58,24,24,18360170
2005,1,0,10,61,24,24,33775928
2006,1,999,12,7,4620,-1,25305069
2009,1,999,1,24,4620,-1,6032199
2014,1,999,23,48,4620,-1,48004285
2015,1,999,13,56,4620,-1,5195985
2022,1,999,31,3,4620,-1,21924859
2023,1,999,7,30,4620,-1,44349163
2024,1,999,14,63,4620,-1,29220305
2028,1,999,62,45,4620,-1,9641684
2029,1,999,17,28,4620,-1,43304320
2030,1,0,3,49,24,24,41331119
2031,1,0,5,6,24,24,19948043
2032,1,0,27,4,24,24,5667176
2033,1,0,16,17,24,24,40724942
2036,1,999,1,53,4620,-1,29891088
2037,1,999,36,14,4620,-1,6234330
2041,1,999,47,24,4620,-1,50865473
2042,1,0,17,4,24,24,26491486
2047,1,0,59,2,24,24,22053920
2048,1,0,23,7,24,24,31082
2053,1,999,11,10,4620,-1,4492732
2056,1,0,2,59,24,24,49204806
2058,1,999,1,16,4620,-1,6831389
2059,1,0,20,16,24,24,23419443
2061,1,999,34,0,4620,-1,45594541
2062,1,999,52,12,4620,-1,13873041
2063,1,999,25,46,4620,-1,39962210
2065,1,999,20,32,4620,-1,26433114
2067,1,0,57,17,24,24,13552389
2069,1,0,23,6,24,24,29179296
2073,1,999,16,52,4620,-1,49305302
2080,1,0,31,14,24,24,11154330
2084,1,999,48,46,4620,-1,31399408
2085,1,0,32,33,24,24,32166678
2087,1,999,5,12,23100,-1,19867444
2088,1,999,38,2,4620,-1,18426408
2092,1,999,44,63,4620,-1,24450394
2093,1,0,9,49,24,24,18488630
2096,1,999,11,45,4620,-1,32192759
2097,1,999,2,61,4620,-1,30746504
2098,1,0,57,17,24,24,1642399
2101,1,999,6,50,4620,-1,27602898
2104,1,999,41,54,221760,-1,1375947
2108,1,999,63,7,4620,-1,7021636
2112,1,999,6,54,4620,-1,2495478
2114,1,0,13,32,24,24,45089048
2115,1,999,14,40,69300,-1,1221524
2117,1,0,28,36,24,24,18637956
2120,1,999,34,3,4620,-1,38714899
2121,1,0,6,46,24,24,44090439
2122,1,999,14,16,4620,-1,28813899
2127,1,0,17,2,24,24,40379367
2128,1,999,30,23,4620,-1,38495172
2130,1,0,15,26,24,24,40162515
2132,1,999,21,62,4620,-1,33493874
2133,1,0,50,63,24,24,11202312
2134,1,0,31,44,24,24,44690473
2138,1,999,27,13,4620,-1,41794789
2144,1,0,3,55,24,24,51165424
2147,1,0,58,43,24,24,27104431
2148,1,0,56,15,24,24,27655528
2155,1,0,36,51,24,24,26758685
2157,1,0,6,34,24,24,49305580
2158,1,0,1,59,24,24,47553098
2161,1,0,16,35,24,24,37917856
2165,1,999,11,26,4620,-1,8717352
2166,1,999,30,5,4620,-1,22657533
2169,1,0,4,25,24,24,50444328
2170,1,0,12,21,24,24,50075648
2171,1,0,6,54,24,24,34960857
2172,1,999,36,5,4620,-1,18600674
2173,1,0,23,28,24,24,4588818
2174,1,999,61,40,4620,-1,21057184
2175,1,0,5,52,24,24,28916617
2176,1,999,57,51,4620,-1,13298648
2177,1,0,41,50,24,24,9359837
2178,1,0,38,53,24,24,21429865
2179,1,0,2,30,24,24,45551681
2181,1,999,8,54,4620,-1,25629503
2185,1,0,60,54,24,24,35613112
2187,1,999,53,43,4620,-1,17109377
2188,1,999,32,53,9240,-1,17101278
2190,1,0,19,55,24,24,39503728
2199,1,0,53,41,24,24,43023196
2200,1,999,49,46,4620,-1,30536444
2201,1,999,29,20,4620,-1,2880864
2202,1,0,49,12,24,24,31188155
2203,1,999,10,62,4620,-1,5676548
2204,1,0,34,23,24,24,37125444
2208,1,0,17,52,24,24,51202649
2212,1,999,53,7,4620,-1,13133321
2213,1,0,17,47,24,24,26869571
2214,1,999,8,15,13860,-1,37268344
2216,1,999,31,56,4620,-1,32624234
2218,1,0,6,50,24,24,34613611
2219,1,0,29,32,24,24,38004372
2220,1,999,60,48,9240,-1,24983174
2223,1,999,41,4,4620,-1,39951332
2225,1,0,56,48,24,24,29097779
2226,1,999,0,43,4620,-1,15575403
2229,1,999,33,5,4620,-1,11286639
2230,1,999,60,12,4620,-1,47834583
2231,1,999,45,44,4620,-1,14080139
2233,1,999,27,49,4620,-1,29570636
2234,1,999,36,54,73920,-1,40686561
2241,1,0,12,20,24,24,1282072
2242,1,999,31,45,133980,-1,2230791
2243,1,999,61,42,4620,-1,32940065
2245,1,0,27,13,24,24,26802897
2246,1,999,3,53,4620,-1,5451747
2252,1,0,29,20,24,24,12943872
2256,1,999,54,11,4620,-1,21131811
2259,1,0,52,2,24,24,5250397
2264,1,999,16,8,138600,-1,7351727
2265,1,0,32,10,24,24,16275071
2266,1,0,31,44,24,24,18900821
2268,1,0,32,16,24,24,40874598
2269,1,0,60,14,24,24,4180919
2272,1,0,38,43,24,24,5625759
2274,1,999,18,63,4620,-1,38950503
2275,1,0,30,61,24,24,4353823
2276,1,0,22,13,24,24,36564542
2283,1,0,23,39,24,24,40406252
2289,1,999,60,51,4620,-1,22449252
2291,1,0,14,42,24,24,15582066
2292,1,0,25,13,24,24,15900890
2295,1,0,57,0,24,24,39863632
2297,1,999,3,61,4620,-1,4115231
2299,1,999,18,63,4620,-1,46309904
2302,1,999,30,31,4620,-1,12971104
2303,1,999,27,6,4620,-1,2259907
2306,1,0,2,1,24,24,23727008
2309,1,999,51,15,4620,-1,44006666
2310,1,0,49,42,24,24,49954520
2312,1,999,4,39,4620,-1,29526582
2314,1,0,33,49,24,24,24575296
2319,1,0,40,27,24,24,4819592
2323,1,0,52,34,24,24,14799740
2324,1,999,26,44,4620,-1,42861906
2325,1,0,16,27,24,24,45982606
2331,1,999,55,2,4620,-1,5256658
2332,1,999,33,34,4620,-1,39866520
2335,1,0,28,0,24,24,36263953
2338,1,999,15,13,4620,-1,50686014
2339,1,999,23,42,4620,-1,27033416
2341,1,0,14,49,24,24,35526259
2343,1,999,54,46,4620,-1,31339981
2347,1,0,4,0,24,24,48622236
2348,1,999,14,48,4620,-1,19121985
2349,1,0,61,40,24,24,47252235
2350,1,999,54,49,4620,-1,14078536
2353,1,999,28,33,4620,-1,4949298
2357,1,0,35,32,24,24,48730970
2359,1,999,31,10,4620,-1,4500299
2362,1,0,28,45,24,24,41397341
2363,1,0,41,55,24,24,38449590
2370,1,0,52,7,24,24,31473123
2373,1,0,16,11,24,24,45792160
2374,1,999,38,2,4620,-1,24143504
2375,1,0,18,23,24,24,16394849
2376,1,999,25,50,4620,-1,14078044
2377,1,999,3,55,4620,-1,45965999
2378,1,0,4,16,24,24,45876845
2380,1,0,39,6,24,24,29182542
2382,1,999,60,24,4620,-1,27672370
2385,1,999,62,13,4620,-1,24882809
2386,1,0,9,49,24,24,758159
2390,1,999,55,20,69300,-1,3949378
2393,1,0,14,6,24,24,26923415
2395,1,999,37,40,4620,-1,41752543
2397,1,999,38,47,4620,-1,45417727
2398,1,999,2,36,4620,-1,49086128
2399,1,0,41,17,24,24,8651359
2404,1,999,30,22,4620,-1,7090794
2406,1,0,33,7,24,24,13462180
2409,1,999,13,55,4620,-1,47722433
2411,1,0,14,44,24,24,41726174
2412,1,999,7,54,4620,-1,17256229
2413,1,0,52,13,24,24,19577877
2414,1,999,33,12,4620,-1,14151779
2418,1,0,31,9,24,24,26247894
2419,1,999,41,53,4620,-1,8571651
2421,1,0,23,45,24,24,8608545
2422,1,0,12,60,24,24,45034301
2423,1,0,49,56,24,24,4184365
2424,1,0,24,3,24,24,20405960
2425,1,999,55,52,4620,-1,27435602
2429,1,0,22,35,24,24,32772491
2432,1,0,48,19,24,24,10137164
2440,1,999,26,33,4620,-1,47216183
2441,1,999,36,22,4620,-1,9610765
2442,1,0,46,28,24,24,48031156
2448,1,999,36,6,4620,-1,45126674
2450,1,999,47,25,69300,-1,14656765
2452,1,999,29,40,4620,-1,30362233
2453,1,0,32,3,24,24,27187777
2456,1,0,51,55,24,24,45330547
2457,1,0,1,28,24,24,14503258
2459,1,0,28,44,24,24,40876546
2461,1,0,27,54,24,24,50847798
2462,1,0,52,17,24,24,29865039
2471,1,999,38,48,4620,-1,43659736
2474,1,0,15,2,24,24,18881623
2476,1,0,44,52,24,24,1194138
2479,1,0,26,41,24,24,1624605
2480,1,0,62,20,24,24,18599823
2483,1,0,8,43,24,24,39323849
2484,1,999,23,42,4620,-1,7521151
2488,1,999,26,20,4620,-1,45070373
2490,1,999,61,28,4620,-1,23954893
2491,1,0,3,15,24,24,6558933
2495,1,999,18,52,4620,-1,18861950
2496,1,0,23,53,24,24,28831034
2497,1,0,34,19,24,24,42360762
2500,1,999,47,56,4620,-1,14315292
2501,1,999,33,35,4620,-1,27775957
2506,1,0,11,12,24,24,2019125
2508,1,0,20,31,24,24,50491531
2511,1,0,0,20,24,24,11959783
2513,1,999,63,32,4620,-1,18493942
2514,1,0,4,20,24,24,4512749
2516,1,999,22,7,4620,-1,33872814
2519,1,999,53,58,4620,-1,27517093
2520,1,0,48,35,24,24,36797002
2523,1,999,30,56,4620,-1,36433020
2529,1,0,13,58,24,24,19091718
2533,1,0,27,55,24,24,35099196
2534,1,999,39,18,4620,-1,8668648
2540,1,0,47,11,24,24,38811322
2541,1,0,26,5,24,24,665326
2542,1,999,44,2,4620,-1,3643779
2546,1,999,49,26,4620,-1,17717632
2548,1,999,55,42,4620,-1,50812834
2549,1,0,13,23,24,24,35670026
2552,1,999,17,8,4620,-1,17139205
2553,1,999,2,5,4620,-1,21913715
2557,1,0,17,4,24,24,19449974
2558,1,0,42,43,24,24,20285181
2561,1,0,33,34,24,24,24282576
2566,1,0,37,8,24,24,7867546
2567,1,0,6,23,24,24,26708969
2568,1,0,20,46,24,24,12105696
2569,1,999,21,12,4620,-1,36425922
2571,1,0,35,58,24,24,16192762
2572,1,0,27,7,24,24,9446107
2574,1,0,41,35,24,24,1615968
2575,1,0,26,8,24,24,30600088
2576,1,0,41,4,24,24,1961295
2578,1,0,5,49,24,24,25481213
2582,1,999,52,14,4620,-1,43577961
2583,1,999,18,51,4620,-1,49200175
2584,1,999,18,61,4620,-1,15017512
2587,1,999,17,56,4620,-1,132440
2588,1,0,2,43,24,24,10378838
2589,1,0,62,20,24,24,48354857
2590,1,999,62,7,4620,-1,35173971
2592,1,999,16,30,4620,-1,24179625
2596,1,0,8,18,24,24,31388793
2599,1,999,28,34,4620,-1,44027072
2602,1,999,28,32,4620,-1,43014955
2605,1,999,8,25,4620,-1,24078229
2608,1,0,56,63,24,24,28401134
2614,1,0,16,57,24,24,21175434
2617,1,0,10,13,24,24,50869454
2619,1,999,39,15,4620,-1,45378943
2621,1,0,25,7,24,24,25487190
2623,1,999,48,12,4620,-1,7252543
2624,1,0,34,20,24,24,32888940
2625,1,0,48,55,24,24,37725736
2630,1,999,45,42,4620,-1,48636381
2633,1,999,8,43,4620,-1,27166086
2634,1,999,9,49,4620,-1,43926325
2635,1,0,61,43,24,24,29775257
2637,1,0,58,49,24,24,39647465
2643,1,999,49,20,4620,-1,29054917
2644,1,0,15,13,24,24,43016717
2646,1,0,0,26,24,24,31075425
2647,1,0,29,36,24,24,33502255
2648,1,0,38,3,24,24,37168787
2649,1,999,15,46,4620,-1,17576466
2652,1,999,49,4,4620,-1,13299334
2653,1,0,17,19,24,24,10718710
2656,1,0,46,54,24,24,26946634
2658,1,0,32,7,24,24,9718189
2661,1,999,28,7,4620,-1,2991624
2663,1,999,25,23,4620,-1,26625789
2668,1,999,44,47,4620,-1,47367074
2669,1,999,25,40,4620,-1,3843365
2671,1,0,59,5,24,24,29570936
2674,1,999,18,1,69300,-1,30074399
2675,1,999,30,24,4620,-1,42525373
2676,1,999,9,23,4620,-1,34135008
2677,1,0,38,26,24,24,13805814
2678,1,0,19,22,24,24,22965973
2684,1,999,19,51,4620,-1,27007013
2687,1,0,41,5,24,24,21306739
2690,1,999,14,52,4620,-1,46287877
2691,1,999,53,11,4620,-1,15270489
2692,1,0,40,22,24,24,5565638
2695,1,999,53,30,4620,-1,29872437
2697,1,999,15,57,4620,-1,5358847
2700,1,999,36,7,4620,-1,14116360
2703,1,0,27,17,24,24,29729853
2704,1,999,22,25,138600,-1,29458920
2705,1,999,18,15,4620,-1,7690661
2706,1,999,23,6,4620,-1,43735041
2707,1,0,11,59,24,24,7337414
2709,1,0,50,37,24,24,37343917
2710,1,999,37,54,4620,-1,13236188
2711,1,999,41,63,4620,-1,3319637
2712,1,0,4,54,24,24,29496710
2713,1,999,12,3,4620,-1,28581032
2717,1,0,28,63,24,24,24612565
2720,1,999,35,10,4620,-1,6459555
2725,1,0,55,9,24,24,48915497
2726,1,999,24,39,4620,-1,40105665
2728,1,0,34,45,24,24,19522467
2730,1,0,51,24,24,24,47199392
2735,1,0,46,1,24,24,43185523
2736,1,999,63,4,4620,-1,13636100
2746,1,999,12,3,4620,-1,31925220
2747,1,0,9,12,24,24,8577948
2753,1,0,6,15,24,24,20933267
2755,1,0,45,39,24,24,33695698
2758,1,999,0,8,4620,-1,6380241
2761,1,999,3,2,4620,-1,44128398
2765,1,0,50,1,24,24,17976239
2766,1,0,23,37,24,24,41591078
2767,1,0,10,1,24,24,31774602
2769,1,999,42,10,4620,-1,30288163
2775,1,0,62,12,24,24,49390183
2776,1,999,34,41,4620,-1,49813296
2778,1,999,37,56,4620,-1,46445114
2785,1,999,3,57,4620,-1,1451068
2787,1,0,11,45,24,24,49301888
2788,1,999,50,10,4620,-1,34992518
2791,1,0,22,26,24,24,24600576
2793,1,999,34,62,4620,-1,23085891
2794,1,0,27,36,24,24,29104486
2797,1,0,10,14,24,24,46593089
2798,1,999,36,19,4620,-1,50898319
2800,1,0,47,33,24,24,16015718
2802,1,999,10,59,4620,-1,31493884
2803,1,0,40,47,24,24,12345390
2805,1,0,42,28,24,24,24085669
2806,1,999,54,63,4620,-1,17358629
2807,1,0,29,53,24,24,25850628
2811,1,0,16,6,24,24,2945525
2812,1,999,29,8,4620,-1,38516395
2818,1,0,59,29,24,24,31951278
2819,1,999,59,18,4620,-1,9763963
2821,1,999,11,17,4620,-1,16137435
2824,1,0,34,2,24,24,25428676
2825,1,999,2,56,4620,-1,29856718
2828,1,0,16,57,24,24,47062959
2830,1,999,27,1,4620,-1,22445667
2832,1,0,2,49,24,24,40492298
2834,1,0,0,22,24,24,42910938
2836,1,999,42,21,4620,-1,46239976
2837,1,999,14,56,4620,-1,41152656
2838,1,0,5,56,24,24,39914328
2843,1,0,46,56,24,24,22379658
2844,1,999,4,40,13860,-1,17746916
2845,1,0,59,50,24,24,777645
2846,1,999,38,16,4620,-1,4636838
2849,1,0,30,28,24,24,17559575
2850,1,0,20,19,24,24,29442193
2851,1,0,8,9,24,24,42280002
2853,1,0,48,58,24,24,34493458
2858,1,0,28,43,24,24,15816736
2861,1,0,13,12,24,24,46012622
2863,1,999,47,55,4620,-1,11161466
2864,1,0,60,10,24,24,18015268
2865,1,0,12,1,24,24,47098952
2866,1,0,24,8,24,24,36224087
2872,1,0,2,31,24,24,44559450
2873,1,0,4,61,24,24,42728183
2876,1,999,51,4,4620,-1,5822020
2877,1,0,62,29,24,24,16309437
2878,1,999,38,63,4620,-1,48473867
2880,1,999,43,5,4620,-1,20846213
2881,1,0,44,43,24,24,17358814
2882,1,0,17,18,24,24,7463832
2883,1,0,29,58,24,24,5715966
2884,1,999,16,43,4620,-1,20642404
2886,1,999,36,4,4620,-1,39584607
2887,1,999,62,32,4620,-1,49485843
2888,1,0,10,13,24,24,3134751
2889,1,0,44,25,24,24,16817443
2890,1,0,11,12,24,24,45413697
2892,1,999,2,22,73920,-1,42931113
2893,1,999,33,34,4620,-1,13433788
2895,1,0,19,10,24,24,14831624
2899,1,0,49,50,24,24,38156393
2902,1,0,55,44,24,24,27264628
2904,1,0,30,32,24,24,16780220
2910,1,0,62,14,24,24,46976980
2911,1,0,14,36,24,24,26314285
2913,1,999,4,0,4620,-1,49092314
2914,1,0,18,42,24,24,31585207
2922,1,999,38,57,4620,-1,10448097
2923,1,0,20,23,24,24,26264038
2924,1,999,21,20,4620,-1,46020763
2925,1,999,24,15,4620,-1,34635350
2926,1,999,5,48,4620,-1,37394078
2927,1,999,37,60,4620,-1,21442468
2928,1,999,4,8,4620,-1,24204087
2929,1,999,9,45,4620,-1,44403086
2933,1,0,33,60,24,24,8308642
2937,1,0,1,60,24,24,46920501
2939,1,0,26,46,24,24,32586432
2940,1,999,4,40,4620,-1,39114183
2941,1,0,50,12,24,24,38170623
2942,1,999,24,48,4620,-1,15430448
2947,1,0,42,2,24,24,41391954
2949,1,999,28,20,4620,-1,24168032
2952,1,0,5,42,24,24,16845869
2953,1,0,23,46,24,24,21438519
2954,1,999,11,13,4620,-1,42633722
2956,1,0,28,19,24,24,18330130
2957,1,999,35,10,4620,-1,2080263
2965,1,999,6,36,4620,-1,43853028
2972,1,0,44,2,24,24,12649716
2978,1,999,11,6,4620,-1,44330383
2979,1,999,8,1,4620,-1,27045619
2981,1,999,28,55,4620,-1,9381269
2982,1,999,39,51,4620,-1,35377538
2983,1,999,14,48,4620,-1,21008398
2985,1,999,8,58,4620,-1,44163427
2986,1,999,24,45,4620,-1,39396046
2987,1,999,14,58,4620,-1,45487577
2991,1,999,23,30,90860,-1,16663208
2992,1,0,22,6,24,24,41444970
2996,1,0,44,45,24,24,14359841
2998,1,0,0,36,24,24,7416419
2999,1,999,0,15,4620,-1,27461586
3002,1,999,10,49,4620,-1,15031901
3005,1,0,20,17,24,24,5436885
3007,1,0,9,31,24,24,39029608
3009,1,999,51,52,4620,-1,33448019
3010,1,999,4,5,4620,-1,25133018
3012,1,999,20,46,4620,-1,3337253
3015,1,0,21,3,24,24,17231942
3017,1,999,55,5,4620,-1,8092126
3018,1,0,49,39,24,24,31480695
3019,1,999,10,63,4620,-1,39680753
3021,1,999,38,3,4620,-1,3099157
3023,1,999,18,42,4620,-1,45516238
3024,1,999,0,48,4620,-1,48775916
3028,1,0,53,23,24,24,1739869
3030,1,0,63,11,24,24,22421368
3034,1,0,19,53,24,24,9636133
3036,1,999,15,44,4620,-1,47898989
3037,1,0,12,13,24,24,29278085
3039,1,0,45,44,24,24,45254271
3045,1,0,9,35,24,24,1244817
3046,1,0,27,37,24,24,20949856
3047,1,999,0,49,4620,-1,43652689
3048,1,999,60,51,9240,-1,28146790
3049,1,999,62,46,4620,-1,4392410
3050,1,0,10,42,24,24,22306213
3051,1,999,25,8,4620,-1,243864
3054,1,999,39,15,4620,-1,5350351
3056,1,0,57,32,24,24,16994449
3060,1,0,53,22,24,24,26719811
3062,1,0,31,1,24,24,42461957
3065,1,999,29,18,4620,-1,22444649
3066,1,0,41,11,24,24,38101772
3067,1,999,22,54,4620,-1,34059041
3069,1,999,2,45,4620,-1,8904252
3072,1,0,20,48,24,24,39446445
3074,1,0,10,25,24,24,18832447
3076,1,999,37,43,4620,-1,16969838
3078,1,0,25,57,24,24,4678244
3079,1,999,24,6,4620,-1,31823566
3081,1,0,14,46,24,24,7270195
3084,1,0,42,19,24,24,31974670
3085,1,0,54,42,24,24,46940496
3086,1,999,25,26,4620,-1,26836086
3087,1,999,22,10,4620,-1,13419052
3090,1,0,56,40,24,24,29730216
3092,1,0,47,55,24,24,11446118
3095,1,999,12,61,4620,-1,33986445
3097,1,0,38,31,24,24,14996149
3100,1,999,25,43,4620,-1,31173521
3101,1,0,36,35,24,24,49508217
3102,1,0,0,32,24,24,42293478
3104,1,999,12,24,4620,-1,27359846
3105,1,999,12,46,4620,-1,50349597
3108,1,999,8,1,4620,-1,36537768
3110,1,0,58,31,24,24,9240906
3111,1,0,52,0,24,24,46089766
3113,1,0,30,58,24,24,24814462
3114,1,0,36,29,24,24,16692479
3119,1,999,2,23,4620,-1,21056168
3121,1,999,43,45,4620,-1,6122177
3123,1,0,47,61,24,24,13944702
3124,1,0,4,10,24,24,7880939
3126,1,999,22,28,4620,-1,51053195
3127,1,0,7,29,24,24,715462
3128,1,999,4,36,4620,-1,18986136
3130,1,999,53,5,4620,-1,32791424
3131,1,0,33,58,24,24,28178433
3132,1,0,6,30,24,24,32646814
3133,1,0,8,44,24,24,20680176
3136,1,0,54,51,24,24,47977235
3137,1,999,3,2,4620,-1,22438588
3138,1,0,26,20,24,24,41478488
3140,1,999,5,44,9240,-1,13940643
3143,1,999,61,20,4620,-1,16292298
3145,1,0,62,34,24,24,27682534
3147,1,0,19,46,24,24,44140943
3148,1,999,43,52,4620,-1,9024978
3150,1,0,36,29,24,24,15953225
3152,1,999,39,34,4620,-1,8489747
3153,1,999,1,53,4620,-1,46004971
3154,1,0,4,16,24,24,11228189
3156,1,0,60,10,24,24,38692308
3166,1,0,58,53,24,24,420460
3168,1,0,60,5,24,24,40266948
3172,1,999,9,46,4620,-1,33210472
3173,1,999,46,0,4620,-1,1137342
3177,1,999,39,57,4620,-1,50755409
3179,1,999,6,2,4620,-1,1584141
3181,1,999,2,27,4620,-1,38817469
3184,1,999,21,43,4620,-1,32761309
3186,1,0,40,32,24,24,5304367
3188,1,999,32,20,4620,-1,39918898
3193,1,999,43,24,9240,-1,12961897
3194,1,999,36,47,4620,-1,16842545
3198,1,999,31,2,4620,-1,14225941
3199,1,0,33,56,24,24,39721017
3201,1,999,10,54,40040,-1,28932070
3202,1,0,33,40,24,24,29208341
3204,1,0,27,50,24,24,2567796
3205,1,0,56,42,24,24,24721345
3209,1,999,54,39,4620,-1,50677386
3210,1,0,35,58,24,24,45025741
3213,1,999,34,0,4620,-1,38593887
3214,1,999,8,1,9240,-1,2247615
3216,1,0,47,56,24,24,6502448
3218,1,0,19,40,24,24,46911204
3220,1,999,13,55,78540,-1,9377176
3222,1,999,25,10,4620,-1,27964847
3223,1,999,50,56,87780,-1,6195066
3224,1,999,37,20,4620,-1,36497659
3225,1,0,32,22,24,24,15135943
3228,1,0,44,29,24,24,34327021
3230,1,999,62,26,4620,-1,915986
3231,1,0,15,6,24,24,5469969
3234,1,999,5,12,4620,-1,45440338
3235,1,0,4,16,24,24,24357569
3239,1,999,63,44,4620,-1,8720642
3240,1,0,54,37,24,24,5052635
3245,1,999,12,41,4620,-1,27570697
3248,1,0,23,33,24,24,35597871
3252,1,999,61,60,4620,-1,50314353
3256,1,999,30,60,4620,-1,8949496
3259,1,999,61,8,4620,-1,31571477
3261,1,0,50,30,24,24,40089079
3265,1,999,33,26,4620,-1,24859564
3266,1,0,10,46,24,24,45061432
3273,1,999,11,44,4620,-1,19960377
3276,1,999,24,48,4620,-1,33237893
3279,1,0,19,62,24,24,23449600
3282,1,999,0,9,4620,-1,45593853
3285,1,0,54,22,24,24,10813025
3290,1,0,22,61,24,24,29804641
3293,1,999,13,54,4620,-1,15782699
3294,1,0,6,43,24,24,22598485
3296,1,0,21,59,24,24,16980787
3301,1,999,10,4,4620,-1,16937022
3302,1,999,50,51,4620,-1,17544806
3304,1,0,12,4,24,24,31631249
3312,1,999,63,38,4620,-1,14087469
3313,1,0,2,6,24,24,31460750
3314,1,0,42,8,24,24,11831550
3317,1,0,63,54,24,24,23900855
3319,1,999,22,13,4620,-1,33280177
3322,1,999,36,39,4620,-1,6179898
3323,1,0,52,61,24,24,566915
3324,1,999,26,33,4620,-1,2295965
3329,1,999,27,17,9240,-1,879827
3330,1,999,20,45,4620,-1,15508575
3331,1,0,29,41,24,24,49585565
3335,1,999,55,44,4620,-1,19370671
3336,1,999,49,3,4620,-1,42658052
3337,1,999,47,23,4620,-1,19265934
3341,1,999,5,6,69300,-1,25744255
3343,1,0,29,48,24,24,30283835
3344,1,999,28,13,4620,-1,25035935
3347,1,0,41,59,24,24,17866260
3352,1,999,27,30,9240,-1,37667603
3354,1,999,57,19,4620,-1,48132993
3362,1,999,31,27,4620,-1,20736417
3363,1,0,35,57,24,24,11693489
3364,1,999,14,10,73920,-1,22934550
3366,1,999,36,12,4620,-1,14965756
3367,1,999,37,6,69300,-1,44674798
3368,1,0,25,18,24,24,29173711
3370,1,999,39,34,4620,-1,41629414
3375,1,0,15,13,24,24,49399913
3379,1,999,16,11,4620,-1,11007983
3381,1,0,47,38,24,24,682517
3384,1,999,14,12,4620,-1,18085014
3386,1,999,26,57,4620,-1,17030242
3387,1,999,32,45,4620,-1,19127010
3389,1,999,9,5,4620,-1,5092454
3390,1,0,29,30,24,24,35268469
3392,1,999,38,1,4620,-1,15826571
3398,1,999,53,8,13860,-1,40071361
3401,1,0,54,44,24,24,24257025
3402,1,999,9,60,4620,-1,4114006
3404,1,999,18,17,4620,-1,4071710
3405,1,999,11,38,4620,-1,48455474
3406,1,999,52,10,4620,-1,43943263
3409,1,0,59,5,24,24,6828544
3410,1,0,41,18,24,24,51008843
3411,1,999,20,37,4620,-1,6408052
3414,1,0,57,14,24,24,5108108
3418,1,0,54,15,24,24,36620172
3420,1,999,54,30,4620,-1,29394118
3424,1,999,50,54,4620,-1,5636254
3425,1,0,54,10,24,24,3266155
3428,1,0,22,41,24,24,39037896
3431,1,999,27,11,9240,-1,31896311
3434,1,0,4,46,24,24,32004394
3435,1,0,2,21,24,24,28608064
3436,1,999,44,1,4620,-1,335022
3438,1,0,63,8,24,24,51004885
3442,1,999,10,50,4620,-1,33674084
3443,1,0,19,14,24,24,15103331
3445,1,0,58,59,24,24,14433888
3446,1,999,33,60,4620,-1,1092284
3447,1,999,29,28,4620,-1,23397070
3448,1,999,42,50,4620,-1,11359460
3449,1,0,0,20,24,24,48211891
3450,1,999,20,39,23100,-1,24224075
3452,1,0,18,29,24,24,24011477
3454,1,0,60,50,24,24,35852973
3455,1,0,33,12,24,24,44091634
3457,1,999,48,0,4620,-1,37020699
3460,1,999,4,42,4620,-1,43222774
3463,1,999,15,38,4620,-1,20262224
3464,1,999,41,4,9240,-1,33890888
3466,1,999,1,28,13860,-1,33844122
3471,1,0,45,20,24,24,44589106
3474,1,999,18,8,4620,-1,12837223
3481,1,0,27,17,24,24,34643572
3483,1,0,9,20,24,24,409965
3484,1,0,57,14,24,24,45002522
3485,1,999,1,55,4620,-1,2207687
3491,1,999,50,45,4620,-1,34829116
3492,1,999,2,23,4620,-1,17884830
3493,1,999,30,50,4620,-1,44967891
3494,1,0,17,32,24,24,46618784
3497,1,0,52,60,24,24,14303062
3498,1,999,60,51,4620,-1,50344006
3499,1,0,37,8,24,24,9623072
3501,1,0,60,42,24,24,13217050
3506,1,999,10,35,4620,-1,42019928
3507,1,0,14,42,24,24,31418879
3512,1,999,21,24,4620,-1,25259098
3514,1,0,31,13,24,24,5381129
3516,1,0,38,35,24,24,46259789
3520,1,999,39,23,4620,-1,31004468
3521,1,0,48,12,24,24,6198226
3522,1,999,56,15,4620,-1,51196542
3527,1,0,56,5,24,24,35572420
3528,1,0,12,54,24,24,31767791
3529,1,0,25,14,24,24,3570916
3530,1,999,4,25,4620,-1,16382591
3531,1,0,32,15,24,24,15500724
3534,1,999,46,21,4620,-1,8819987
3536,1,999,15,34,26180,-1,36010890
3538,1,999,37,24,4620,-1,38218856
3540,1,0,27,37,24,24,3251929
3542,1,999,26,14,4620,-1,40256751
3545,1,0,34,13,24,24,50823311
3548,1,999,23,62,4620,-1,19855362
3550,1,999,23,50,4620,-1,16108670
3552,1,0,14,50,24,24,14007701
3553,1,999,35,45,4620,-1,1973120
3559,1,999,42,8,4620,-1,11652792
3561,1,999,5,2,4620,-1,35997393
3562,1,0,41,60,24,24,14876293
3564,1,0,25,45,24,24,41249019
3565,1,999,5,46,4620,-1,28864916
3566,1,999,63,3,4620,-1,50010345
3575,1,0,34,10,24,24,2088106
3577,1,999,31,12,69300,-1,30252040
3580,1,999,9,45,4620,-1,48413575
3581,1,999,0,1,4620,-1,47330914
3583,1,0,26,8,24,24,21295913
3584,1,999,11,22,138600,-1,48539581
3585,1,999,40,36,4620,-1,38224759
3587,1,999,57,23,4620,-1,4610357
3591,1,999,41,15,4620,-1,1263107
3593,1,0,3,58,24,24,13422032
3599,1,999,56,48,4620,-1,12341804
3600,1,999,26,6,4620,-1,50717461
3602,1,999,26,52,4620,-1,11521768
3605,1,999,39,51,4620,-1,23695356
3607,1,0,25,11,24,24,34357300
3610,1,999,47,14,4620,-1,11614378
3612,1,999,41,32,4620,-1,9400384
3620,1,0,31,12,24,24,27614108
3623,1,0,11,33,24,24,50109069
3624,1,999,51,57,4620,-1,48779339
3628,1,0,15,20,24,24,37203628
3631,1,0,17,35,24,24,31903523
3634,1,0,61,5,24,24,15367280
3638,1,0,51,48,24,24,15350025
3639,1,0,4,56,24,24,39171413
3642,1,0,37,59,24,24,41986476
3644,1,0,41,8,24,24,43393660
3647,1,999,22,24,4620,-1,27665008
3648,1,999,20,16,4620,-1,19004979
3649,1,999,26,57,4620,-1,16359014
3652,1,0,15,56,24,24,36395470
3657,1,0,13,25,24,24,31248795
3660,1,999,30,9,4620,-1,47673562
3668,1,999,15,59,4620,-1,33467905
3672,1,999,56,58,4620,-1,37966151
3673,1,999,35,12,4620,-1,20977171
3685,1,0,3,34,24,24,14340081
3688,1,999,40,5,4620,-1,35605397
3693,1,0,33,4,24,24,10513804
3695,1,999,11,56,4620,-1,6747541
3697,1,0,34,9,24,24,47213525
3698,1,999,47,8,4620,-1,10052129
3700,1,0,56,55,24,24,42914785
3701,1,0,41,44,24,24,26554300
3704,1,999,27,13,4620,-1,45411797
3708,1,0,11,9,24,24,31717153
3712,1,0,19,31,24,24,27884174
3716,1,0,19,60,24,24,48252478
3717,1,999,19,22,4620,-1,27194008
3723,1,0,20,53,24,24,20529829
3739,1,0,48,61,24,24,2725485
3740,1,999,18,59,4620,-1,2029081
3741,1,0,37,0,24,24,9038524
3743,1,0,40,25,24,24,15998053
3746,1,999,29,7,4620,-1,30052733
3748,1,0,51,0,24,24,46222194
3749,1,0,33,31,24,24,7172641
3750,1,0,4,32,24,24,39315570
3751,1,0,30,60,24,24,20814939
3752,1,0,32,54,24,24,27240525
3753,1,0,8,32,24,24,45082652
3756,1,999,13,53,4620,-1,47061149
3759,1,999,36,41,4620,-1,38817008
3760,1,0,4,3,24,24,14475594
3762,1,999,3,43,4620,-1,34739874
3765,1,0,17,1,24,24,22362691
3767,1,999,36,46,4620,-1,5316827
3768,1,0,23,32,24,24,48686276
3769,1,0,62,57,24,24,37464202
3772,1,999,41,49,4620,-1,3561065
3774,1,0,38,37,24,24,22694979
3777,1,0,32,14,24,24,24846281
3778,1,999,23,25,4620,-1,23775587
3780,1,0,13,54,24,24,13248493
3782,1,999,1,7,4620,-1,40448909
3783,1,0,50,36,24,24,21752411
3784,1,0,4,53,24,24,30291483
3786,1,0,49,4,24,24,14052483
3788,1,999,55,44,4620,-1,31734314
3789,1,999,33,14,4620,-1,17775600
3793,1,999,17,49,4620,-1,42887262
3795,1,999,32,11,4620,-1,34099719
3799,1,0,47,26,24,24,47814904
3800,1,0,13,16,24,24,47545174
3801,1,999,33,48,4620,-1,2617607
3802,1,0,39,6,24,24,34462642
3805,1,0,16,51,24,24,37484209
3808,1,999,1,57,4620,-1,29817542
3809,1,999,10,41,4620,-1,32025485
3814,1,0,58,25,24,24,38245220
3817,1,0,44,54,24,24,29743887
3820,1,999,7,59,4620,-1,12305004
3823,1,999,43,15,4620,-1,10804911
3824,1,0,21,38,24,24,47212213
3828,1,0,63,57,24,24,49743615
3829,1,999,7,48,4620,-1,30096279
3831,1,0,2,29,24,24,49429848
3832,1,0,14,1,24,24,49782262
3835,1,999,32,63,4620,-1,34787782
3836,1,999,55,7,4620,-1,48470102
3839,1,999,12,28,4620,-1,3048315
3847,1,999,27,54,4620,-1,32288049
3849,1,999,25,56,4620,-1,11018335
3851,1,0,35,0,24,24,48511104
3853,1,999,61,1,4620,-1,10846340
3857,1,999,12,14,4620,-1,19768299
3860,1,0,45,61,24,24,35375507
3862,1,999,37,43,4620,-1,28674648
3866,1,0,13,7,24,24,30258735
3875,1,0,45,31,24,24,42746153
3878,1,999,42,56,4620,-1,40370799
3879,1,0,58,17,24,24,5153150
3881,1,999,56,51,4620,-1,15773110
3883,1,0,35,18,24,24,26117830
3884,1,0,32,7,24,24,40971690
3894,1,999,54,18,4620,-1,8435640
3897,1,999,23,45,4620,-1,42965209
3900,1,0,36,49,24,24,23176254
3908,1,999,2,34,4620,-1,35638145
3909,1,999,5,22,9240,-1,8602445
3910,1,0,19,42,24,24,47902793
3917,1,0,14,4,24,24,27822155
3920,1,0,52,18,24,24,3404339
3927,1,999,6,24,4620,-1,10665220
3928,1,999,32,45,4620,-1,38005050
3930,1,999,46,35,4620,-1,2820985
3932,1,999,37,33,4620,-1,31226361
3934,1,0,0,31,24,24,14625664
3937,1,999,7,8,4620,-1,651438
3947,1,999,22,44,4620,-1,44791851
3948,1,0,58,43,24,24,11286070
3951,1,999,49,6,73920,-1,51196627
3953,1,999,9,54,4620,-1,46415661
3961,1,0,59,48,24,24,42882827
3963,1,999,59,31,35420,-1,43600787
3964,1,999,36,58,4620,-1,12992145
3966,1,999,37,58,4620,-1,33550363
3967,1,999,8,33,9240,-1,21348425
3968,1,0,61,4,24,24,43835285
3971,1,0,7,16,24,24,48043906
3977,1,0,57,27,24,24,25940718
3978,1,999,13,40,4620,-1,22503289
3980,1,999,56,34,138600,-1,50456522
3981,1,0,57,63,24,24,18756918
3982,1,0,17,9,24,24,1314919
3985,1,999,23,34,4620,-1,23316223
3987,1,999,61,20,13860,-1,25016143
3992,1,999,19,22,4620,-1,49662520
3999,1,999,11,14,4620,-1,46344279
4000,1,0,28,35,24,24,24961226
4003,1,0,16,35,24,24,22587111
4004,1,0,31,15,24,24,37522475
4007,1,0,2,1,24,24,14827013
4010,1,999,30,7,4620,-1,2900745
4011,1,0,15,59,24,24,14288302
4012,1,999,46,42,4620,-1,26750913
4014,1,999,54,11,4620,-1,37909208
4015,1,0,60,42,24,24,25907356
4021,1,999,28,1,4620,-1,44822006
4022,1,999,15,55,4620,-1,49354918
4023,1,0,41,60,24,24,39685834
4025,1,999,15,13,4620,-1,9780048
4027,1,999,29,3,4620,-1,30623825
4028,1,0,31,25,24,24,32727489
4032,1,0,9,35,24,24,45505806
4033,1,0,41,35,24,24,12753027
4037,1,999,30,44,4620,-1,19234217
4039,1,999,32,23,4620,-1,29396739
4042,1,0,53,8,24,24,31319363
4043,1,999,41,0,4620,-1,10179915
4045,1,0,22,59,24,24,36321012
4052,1,0,57,16,24,24,8496738
4056,1,999,53,4,4620,-1,37712052
4057,1,999,14,2,4620,-1,45173914
4061,1,0,37,10,24,24,16636624
4062,1,0,5,12,24,24,50102397
4063,1,999,24,42,4620,-1,17466276
4069,1,0,30,42,24,24,17461739
4070,1,0,21,40,24,24,40306936
4072,1,999,57,30,4620,-1,44714931
4073,1,0,29,62,24,24,26071050
4075,1,999,20,62,4620,-1,51363175
4079,1,999,14,57,4620,-1,41132030
4081,1,0,54,47,24,24,10268746
4085,1,0,59,21,24,24,20812011
4089,1,999,28,43,138600,-1,25265149
4093,1,0,5,18,24,24,20148021
4097,1,999,2,15,9240,-1,28153958
4102,1,0,15,8,24,24,27367606
4108,1,0,24,1,24,24,50541580
4110,1,999,58,39,4620,-1,31869989
4111,1,0,9,3,24,24,47555784
4112,1,0,43,30,24,24,4482238
4113,1,0,61,39,24,24,34271272
4116,1,999,61,55,52360,-1,28737269
4117,1,999,18,31,4620,-1,48627837
4119,1,0,30,7,24,24,11284168
4120,1,999,21,55,4620,-1,6453684
4121,1,0,41,29,24,24,36721824
4122,1,0,20,40,24,24,42709630
4123,1,0,1,9,24,24,35212715
4125,1,999,33,4,4620,-1,46270456
4130,1,0,28,44,24,24,10105482
4134,1,0,16,40,24,24,43636823
4135,1,0,0,12,24,24,17129325
4136,1,0,3,22,24,24,20481945
4145,1,0,41,63,24,24,9843514
4146,1,0,35,24,24,24,6926923
4149,1,0,31,47,24,24,1941778
4150,1,0,37,21,24,24,13321507
4155,1,999,33,30,4620,-1,26628416
4161,1,999,10,9,4620,-1,27791791
4164,1,0,17,46,24,24,31352822
4167,1,999,32,34,4620,-1,26448875
4170,1,0,45,62,24,24,8353351
4171,1,999,15,53,4620,-1,4267768
4174,1,0,55,63,24,24,23174592
4176,1,0,39,53,24,24,16984460
4179,1,0,16,18,24,24,9868351
4182,1,999,10,57,4620,-1,39582553
4184,1,999,29,23,4620,-1,31438357
4185,1,0,41,58,24,24,26057668
4188,1,999,38,9,4620,-1,43357759
4189,1,999,47,48,4620,-1,26684638
4190,1,0,14,57,24,24,21915461
4192,1,999,2,3,4620,-1,21558053
4193,1,0,23,58,24,24,42097289
4195,1,0,44,38,24,24,33847768
4200,1,999,42,53,4620,-1,24804208
4202,1,0,15,53,24,24,42874513
4203,1,0,62,1,24,24,10179401
4204,1,0,18,12,24,24,8197489
4205,1,0,22,1,24,24,35816540
4208,1,0,61,59,24,24,45266250
4212,1,999,59,53,4620,-1,1082816
4214,1,999,58,37,4620,-1,45686162
4221,1,0,15,6,24,24,37159766
4223,1,0,47,23,24,24,47127036
4226,1,0,1,6,24,24,9306693
4227,1,999,21,62,4620,-1,18154226
4231,1,999,6,12,4620,-1,44076048
4233,1,0,38,36,24,24,1764334
4234,1,999,49,4,4620,-1,32034808
4236,1,999,48,49,4620,-1,37396798
4242,1,999,55,14,4620,-1,50278814
4243,1,999,45,11,9240,-1,25255033
4245,1,0,55,57,24,24,37948901
4247,1,0,30,24,24,24,16072303
4248,1,0,35,25,24,24,1534089
4249,1,999,11,32,4620,-1,3780432
4250,1,999,0,58,4620,-1,12648040
4251,1,0,26,43,24,24,48840362
4252,1,999,53,15,4620,-1,20857599
4253,1,999,4,51,100100,-1,7178018
4255,1,999,45,0,95480,-1,9815937
4259,1,0,31,33,24,24,45848195
4260,1,0,37,9,24,24,32429310
4264,1,0,63,7,24,24,14381544
4266,1,999,46,26,13860,-1,30258311
4267,1,999,56,2,4620,-1,10878782
4269,1,0,18,47,24,24,39622905
4270,1,0,2,50,24,24,4740438
4271,1,999,55,19,9240,-1,10908763
4275,1,999,1,28,4620,-1,6967054
4276,1,0,33,11,24,24,33527351
4281,1,999,27,22,13860,-1,10626345
4282,1,999,41,25,4620,-1,16505561
4285,1,0,37,10,24,24,17327697
4287,1,999,24,47,4620,-1,36676147
4291,1,999,39,9,4620,-1,14597762
4292,1,0,51,16,24,24,12941880
4293,1,999,20,52,4620,-1,42031446
4296,1,999,6,28,4620,-1,4164536
4299,1,0,8,30,24,24,31707729
4301,1,0,36,53,24,24,1264
4302,1,0,62,37,24,24,12713170
4307,1,999,29,24,4620,-1,27178943
4308,1,999,31,52,4620,-1,2917803
4309,1,0,2,10,24,24,45482664
4310,1,999,35,15,4620,-1,8356971
4312,1,0,0,15,24,24,28322172
4313,1,999,3,5,4620,-1,18466300
4316,1,0,50,4,24,24,16399723
4318,1,0,24,29,24,24,15975920
4320,1,999,33,47,4620,-1,5922107
4323,1,0,45,2,24,24,38049053
4325,1,999,52,56,4620,-1,4372491
4328,1,0,41,50,24,24,24082588
4330,1,999,30,38,90860,-1,34139113
4334,1,0,1,47,24,24,37412816
4338,1,999,57,15,4620,-1,14699429
4347,1,0,41,42,24,24,27943976
4348,1,0,43,37,24,24,7159604
4353,1,999,49,14,4620,-1,20384344
4356,1,999,26,7,4620,-1,16820791
4358,1,999,48,54,73920,-1,9217314
4359,1,999,26,38,4620,-1,49848287
4362,1,999,53,32,4620,-1,26824692
4363,1,999,31,9,4620,-1,22593882
4364,1,0,28,42,24,24,45334837
4365,1,0,27,45,24,24,222362
4368,1,0,18,51,24,24,20490171
4369,1,999,11,43,4620,-1,20789080
4370,1,0,33,57,24,24,6301894
4371,1,0,38,39,24,24,21825970
4372,1,999,57,54,4620,-1,16032776
4373,1,999,57,63,4620,-1,42931666
4374,1,999,48,46,4620,-1,18151779
4375,1,999,25,63,4620,-1,49250173
4376,1,0,40,16,24,24,32689177
4380,1,0,56,23,24,24,26423995
4383,1,0,30,47,24,24,20126011
4386,1,999,57,58,4620,-1,38233339
4388,1,0,3,51,24,24,38482961
4392,1,999,9,47,4620,-1,35404748
4394,1,999,48,52,4620,-1,30395898
4395,1,0,63,25,24,24,14970962
4396,1,0,17,10,24,24,32149396
4397,1,0,53,61,24,24,21490489
4401,1,999,30,27,4620,-1,17250502
4402,1,0,38,35,24,24,23539148
4403,1,0,34,12,24,24,26610826
4404,1,999,49,63,4620,-1,13758981
4406,1,0,11,6,24,24,22686461
4407,1,0,49,35,24,24,29854853
4409,1,0,49,28,24,24,22338367
4410,1,999,16,36,4620,-1,42456314
4411,1,0,53,61,24,24,46208204
4412,1,0,55,50,24,24,8891664
4414,1,999,3,51,26180,-1,15053306
4415,1,999,41,0,4620,-1,31900247
4416,1,0,1,24,24,24,39826692
4417,1,0,33,49,24,24,33380100
4420,1,999,38,7,56980,-1,35408970
4421,1,0,22,24,24,24,12527551
4423,1,999,16,50,4620,-1,22944300
4425,1,999,17,8,4620,-1,465700
4426,1,999,14,15,4620,-1,14149462
4427,1,999,10,4,4620,-1,12460096
4430,1,0,22,30,24,24,30214539
4431,1,999,33,1,4620,-1,43985928
4433,1,0,32,15,24,24,13921588
4434,1,999,26,19,4620,-1,10819951
4435,1,999,48,9,4620,-1,3178999
4437,1,0,2,5,24,24,37110323
4438,1,999,21,19,4620,-1,19468076
4439,1,999,36,22,4620,-1,29154236
4445,1,0,14,4,24,24,12352965
4446,1,999,61,12,4620,-1,7701357
4447,1,999,45,12,9240,-1,9449204
4449,1,0,59,52,24,24,9065379
4456,1,0,19,5,24,24,18174139
4458,1,0,32,13,24,24,20815537
4459,1,999,60,53,4620,-1,23460927
4461,1,999,57,61,9240,-1,3786601
4463,1,0,49,61,24,24,40946621
4465,1,0,35,39,24,24,17816457
4469,1,999,49,36,4620,-1,9279460
4470,1,999,59,35,4620,-1,3782788
4473,1,0,0,58,24,24,1444543
4478,1,0,20,59,24,24,10810292
4482,1,0,60,14,24,24,41384357
4483,1,999,61,11,4620,-1,18357193
4484,1,999,8,51,4620,-1,38360787
4485,1,999,11,58,4620,-1,32128936
4486,1,0,40,12,24,24,9751355
4487,1,0,29,61,24,24,45828590
4489,1,999,6,55,4620,-1,46943630
4494,1,999,47,14,4620,-1,33690850
4496,1,0,29,37,24,24,27083016
4498,1,999,23,13,4620,-1,5196275
4501,1,0,33,41,24,24,39590060
4507,1,0,50,46,24,24,43765072
4513,1,999,7,53,4620,-1,3425401
4514,1,999,38,10,4620,-1,15316178
4516,1,999,41,33,4620,-1,4058030
4517,1,0,59,57,24,24,44852274
4519,1,999,56,32,4620,-1,36658328
4520,1,999,4,32,4620,-1,14839228
4525,1,999,28,56,4620,-1,45961367
4526,1,0,22,52,24,24,48026579
4527,1,0,27,16,24,24,20157186
4528,1,999,2,14,4620,-1,36996834
4530,1,0,19,14,24,24,21562588
4533,1,999,28,47,4620,-1,29279140
4535,1,999,51,35,4620,-1,8918290
4537,1,0,63,9,24,24,16983888
4538,1,999,53,5,4620,-1,13224337
4541,1,999,10,31,138600,-1,6727942
4544,1,999,52,50,4620,-1,33167921
4545,1,999,2,53,4620,-1,31098058
4546,1,999,30,33,4620,-1,4877861
4547,1,0,22,4,24,24,27528911
4548,1,999,26,53,4620,-1,1668834
4549,1,0,10,36,24,24,2407093
4556,1,999,10,11,4620,-1,15258331
4558,1,999,60,13,4620,-1,6261845
4561,1,0,59,30,24,24,8637459
4563,1,0,38,29,24,24,36059940
4564,1,999,6,28,4620,-1,22293085
4566,1,0,26,6,24,24,4927275
4568,1,0,43,10,24,24,45290568
4571,1,999,10,33,4620,-1,18418227
4572,1,999,28,20,4620,-1,18328297
4574,1,0,30,52,24,24,40154768
4575,1,999,57,9,4620,-1,12548226
4576,1,0,6,33,24,24,14250636
4577,1,0,26,27,24,24,49217430
4578,1,999,25,9,4620,-1,13471505
4580,1,999,7,61,4620,-1,3506369
4581,1,999,31,28,4620,-1,40910366
4582,1,999,29,17,69300,-1,3979570
4583,1,999,36,52,4620,-1,17278632
4585,1,999,38,31,78540,-1,25111046
4587,1,999,2,8,4620,-1,44678368
4588,1,0,5,51,24,24,48543821
4589,1,999,1,16,13860,-1,2206211
4591,1,0,45,5,24,24,50256791
4593,1,0,15,40,24,24,38187225
4594,1,999,2,13,4620,-1,34980818
4596,1,0,35,2,24,24,716621
4601,1,0,58,44,24,24,36488586
4608,1,0,38,25,24,24,12079044
4612,1,0,6,11,24,24,2036754
4613,1,999,43,52,4620,-1,50906136
4614,1,0,44,13,24,24,47563743
4615,1,999,20,50,4620,-1,30153058
4616,1,0,43,50,24,24,12268208
4619,1,0,16,59,24,24,20630577
4620,1,0,16,17,24,24,4759578
4627,1,0,20,51,24,24,4242138
4628,1,999,24,8,4620,-1,9575528
4634,1,999,31,39,4620,-1,29243090
4635,1,999,45,48,4620,-1,11908973
4636,1,0,40,58,24,24,15469243
4639,1,999,14,1,4620,-1,19351964
4643,1,0,10,63,24,24,14102309
4645,1,0,29,25,24,24,23300874
4647,1,0,10,60,24,24,14603632
4650,1,0,4,2,24,24,19985215
4651,1,0,18,24,24,24,37300023
4656,1,999,7,49,4620,-1,30460240
4657,1,0,19,33,24,24,4160273
4659,1,999,8,54,4620,-1,45087500
4660,1,0,5,7,24,24,7133578
4661,1,999,2,62,4620,-1,9546101
4665,1,0,59,35,24,24,22457568
4668,1,0,50,54,24,24,32301601
4669,1,0,31,28,24,24,9994260
4670,1,0,41,50,24,24,26521681
4673,1,999,45,12,4620,-1,23977994
4674,1,0,22,29,24,24,19460721
4675,1,0,16,19,24,24,15435501
4676,1,999,12,48,4620,-1,20561892
4677,1,999,27,60,4620,-1,20039750
4679,1,0,51,43,24,24,46035298
4680,1,0,33,50,24,24,5556718
4682,1,0,5,6,24,24,27177306
4687,1,0,8,23,24,24,39578653
4690,1,0,24,42,24,24,34206848
4691,1,999,37,40,9240,-1,39183710
4698,1,0,30,7,24,24,44258046
4699,1,999,11,51,4620,-1,40942040
4700,1,0,39,10,24,24,2442086
4702,1,0,1,45,24,24,9238830
4707,1,0,25,46,24,24,39213403
4708,1,0,1,63,24,24,21480551
4709,1,999,19,6,9240,-1,41652165
4711,1,999,7,52,4620,-1,25173135
4712,1,999,48,51,4620,-1,3256981
4719,1,999,36,52,4620,-1,23363650
4720,1,0,58,8,24,24,29458898
4723,1,999,16,56,4620,-1,42254137
4725,1,0,55,23,24,24,16741723
4731,1,0,31,61,24,24,5809287
4736,1,0,29,2,24,24,21271617
4737,1,999,21,3,4620,-1,2149897
4738,1,0,2,41,24,24,17037534
4739,1,0,57,40,24,24,6250269
4743,1,0,34,12,24,24,36007089
4744,1,0,50,43,24,24,560831
4746,1,999,14,11,138600,-1,47383565
4747,1,0,5,50,24,24,40626944
4750,1,0,2,14,24,24,18480193
4751,1,999,26,37,4620,-1,46162377
4753,1,0,51,62,24,24,20283404
4758,1,0,62,17,24,24,41456880
4761,1,0,16,10,24,24,29845162
4762,1,0,8,9,24,24,15500731
4763,1,0,24,54,24,24,39427512
4764,1,0,8,53,24,24,43705701
4765,1,999,19,56,4620,-1,36909053
4767,1,999,5,54,4620,-1,39313267
4770,1,0,32,62,24,24,5580140
4771,1,999,11,43,4620,-1,21947806
4774,1,999,0,31,4620,-1,33885045
4776,1,999,6,56,4620,-1,33690497
4782,1,999,6,55,4620,-1,39919402
4784,1,999,0,13,4620,-1,40347946
4787,1,0,3,35,24,24,39476227
4789,1,999,53,56,4620,-1,22676250
4792,1,999,38,17,4620,-1,29603646
4793,1,999,47,29,4620,-1,39451524
4796,1,0,20,44,24,24,45761584
4797,1,0,30,45,24,24,25062881
4798,1,0,8,14,24,24,22887640
4801,1,0,11,46,24,24,49677096
4804,1,0,37,58,24,24,36997050
4805,1,0,18,5,24,24,12135842
4814,1,999,61,16,4620,-1,42133715
4816,1,0,38,33,24,24,46062198
4820,1,0,8,39,24,24,15091941
4821,1,0,11,22,24,24,38969160
4829,1,999,1,18,4620,-1,5228661
4831,1,0,26,52,24,24,289600
4832,1,0,4,21,24,24,15346923
4834,1,0,59,43,24,24,39308477
4837,1,0,5,54,24,24,35259558
4838,1,999,17,13,4620,-1,50689102
4842,1,999,20,62,4620,-1,20895759
4846,1,999,16,22,4620,-1,48202735
4847,1,0,41,35,24,24,18660421
4849,1,999,32,55,4620,-1,4227929
4850,1,999,7,13,4620,-1,22590607
4852,1,0,4,46,24,24,20019952
4853,1,999,33,51,4620,-1,34320904
4854,1,0,47,21,24,24,45913638
4856,1,0,7,48,24,24,15477791
4858,1,0,25,57,24,24,45345056
4860,1,0,29,63,24,24,46796271
4865,1,999,56,30,83160,-1,29411637
4867,1,999,15,57,4620,-1,20302984
4870,1,0,29,8,24,24,34335796
4873,1,999,37,43,4620,-1,3131420
4876,1,0,35,24,24,24,29366423
4877,1,999,21,53,4620,-1,35336615
4885,1,999,44,40,4620,-1,14689311
4886,1,999,50,14,4620,-1,25401150
4887,1,999,47,11,4620,-1,47918349
4888,1,999,13,17,4620,-1,15020754
4890,1,999,9,46,4620,-1,39855519
4892,1,999,4,56,4620,-1,28226385
4893,1,0,38,14,24,24,13695059
4894,1,0,24,7,24,24,40057374
4895,1,0,9,20,24,24,33466282
4901,1,999,51,56,4620,-1,28182542
4902,1,0,3,42,24,24,26142651
4903,1,999,27,36,4620,-1,8259966
4904,1,0,18,36,24,24,10673286
4905,1,0,20,17,24,24,14992138
4906,1,0,2,13,24,24,39766950
4908,1,0,10,37,24,24,37868471
4911,1,999,31,49,4620,-1,2755343
4915,1,999,38,16,4620,-1,34947268
4917,1,999,22,31,4620,-1,30899848
4918,1,0,30,42,24,24,25988506
4920,1,0,28,0,24,24,41046600
4921,1,0,1,18,24,24,45693095
4922,1,999,26,60,4620,-1,23191410
4923,1,0,42,2,24,24,18376996
4924,1,0,15,13,24,24,27909489
4926,1,999,14,3,4620,-1,8193352
4934,1,999,33,57,4620,-1,41659311
4943,1,0,22,18,24,24,45865785
4947,1,999,12,24,4620,-1,30298542
4948,1,0,31,53,24,24,10625037
4949,1,999,23,29,4620,-1,7254617
4950,1,0,0,43,24,24,31115570
4951,1,999,34,49,4620,-1,46970107
4953,1,999,4,23,4620,-1,20807099
4955,1,0,36,31,24,24,4744630
4956,1,999,25,19,4620,-1,17394273
4961,1,999,63,25,4620,-1,18175197
4964,1,999,50,54,4620,-1,36637213
4965,1,999,8,20,4620,-1,21960468
4968,1,0,61,16,24,24,1137319
4974,1,999,24,28,4620,-1,14686410
4975,1,999,6,29,4620,-1,2381072
4976,1,0,51,50,24,24,48172918
4980,1,0,45,10,24,24,14559902
4982,1,0,29,43,24,24,22880149
4985,1,999,35,59,9240,-1,5410034
4990,1,999,29,61,4620,-1,16761522
4993,1,999,22,52,66220,-1,14542163
5006,1,0,62,63,24,24,33466161
5008,1,999,20,45,4620,-1,44573278
5010,1,999,26,60,4620,-1,23784078
5011,1,0,11,3,24,24,35691780
5013,1,999,6,47,4620,-1,21117143
5014,1,0,54,50,24,24,31934935
5016,1,999,57,32,4620,-1,41069448
5017,1,0,34,25,24,24,26774461
5019,1,999,56,57,4620,-1,9440480
5021,1,999,17,0,4620,-1,41966307
5022,1,999,30,11,4620,-1,9765998
5026,1,999,43,0,4620,-1,46435212
5028,1,999,40,30,4620,-1,18411653
5030,1,0,9,13,24,24,8332221
5031,1,999,36,23,73920,-1,24072715
5034,1,0,63,13,24,24,46767975
5036,1,0,41,45,24,24,37257838
5038,1,999,61,14,4620,-1,8665373
5039,1,999,9,17,4620,-1,46795032
5042,1,0,57,24,24,24,11121046
5043,1,999,36,57,4620,-1,28973814
5045,1,999,55,25,4620,-1,25542248
5047,1,999,14,63,4620,-1,9191178
5048,1,0,37,52,24,24,18618902
5050,1,999,47,56,4620,-1,24578051
5052,1,0,59,37,24,24,30388924
5053,1,0,14,15,24,24,12762950
5054,1,999,51,57,4620,-1,7780134
5056,1,999,10,63,4620,-1,7564040
5057,1,999,14,41,4620,-1,373852
5058,1,0,6,39,24,24,35609368
5059,1,999,19,26,4620,-1,14974345
5061,1,0,15,52,24,24,39136246
5062,1,999,54,21,4620,-1,32272710
5063,1,0,49,51,24,24,40216246
5065,1,0,33,50,24,24,1767117
5066,1,0,11,27,24,24,37208158
5069,1,999,39,5,4620,-1,33928962
5070,1,0,62,53,24,24,30368609
5074,1,0,21,28,24,24,48371389
5075,1,0,39,29,24,24,643654
5078,1,0,27,60,24,24,15635416
5080,1,0,46,40,24,24,50599535
5081,1,999,37,51,4620,-1,25304014
5082,1,0,11,30,24,24,36148874
5085,1,0,22,55,24,24,16466907
5088,1,999,11,25,4620,-1,51360660
5089,1,999,56,59,4620,-1,32939865
5090,1,999,58,19,4620,-1,16131536
5092,1,0,63,14,24,24,28681784
5094,1,999,24,42,4620,-1,50053451
5096,1,999,62,57,4620,-1,4228991
5098,1,999,34,49,4620,-1,41549780
5099,1,0,54,46,24,24,32625857
5100,1,999,8,58,4620,-1,19478145
5101,1,0,2,28,24,24,5109672
5103,1,999,33,32,4620,-1,34995491
5105,1,0,40,37,24,24,36073887
5106,1,999,38,33,4620,-1,22656680
5107,1,999,29,46,4620,-1,15110264
5108,1,999,54,43,4620,-1,44682793
5109,1,999,40,41,4620,-1,19427971
5113,1,0,13,47,24,24,35852518
5114,1,999,25,52,4620,-1,38760324
5115,1,999,19,52,4620,-1,1036491
5119,1,999,0,59,4620,-1,41948689
5120,1,0,49,5,24,24,39633504
5121,1,0,49,34,24,24,50262839
5123,1,999,58,27,4620,-1,6656582
5127,1,0,2,50,24,24,8857330
5129,1,0,21,56,24,24,49748843
5130,1,999,41,16,4620,-1,46999815
5131,1,999,2,9,4620,-1,33827835
5132,1,999,52,12,4620,-1,34271953
5137,1,0,17,20,24,24,22601349
5138,1,999,28,48,4620,-1,31810879
5139,1,0,20,42,24,24,32377888
5141,1,999,33,8,4620,-1,34783258
5142,1,0,29,45,24,24,38059717
5147,1,999,25,53,4620,-1,47232720
5148,1,999,49,42,4620,-1,24371604
5149,1,999,7,55,4620,-1,2242904
5150,1,999,57,28,4620,-1,3601426
5156,1,999,1,33,4620,-1,27344598
5161,1,0,44,2,24,24,37250810
5163,1,0,43,55,24,24,3472326
5165,1,0,19,16,24,24,26861538
5166,1,0,2,7,24,24,31230512
5167,1,0,10,61,24,24,10010192
5169,1,999,33,47,4620,-1,14226021
5171,1,999,58,49,4620,-1,37407302
5174,1,0,55,43,24,24,7443293
5175,1,999,55,20,4620,-1,49140043
5176,1,0,26,55,24,24,8223259
5177,1,999,24,8,9240,-1,11412844
5180,1,999,7,33,4620,-1,11202008
5184,1,0,10,3,24,24,45786591
5185,1,0,63,36,24,24,31620170
5187,1,999,30,55,4620,-1,14478153
5188,1,0,41,27,24,24,39745505
5190,1,0,9,42,24,24,16003520
5194,1,0,7,24,24,24,35690262
5195,1,999,1,17,4620,-1,44346336
5199,1,999,45,38,4620,-1,42425910
5200,1,999,31,12,4620,-1,22090935
5201,1,0,0,31,24,24,26015176
5202,1,0,41,23,24,24,45039649
5203,1,999,54,44,4620,-1,7528887
5206,1,0,43,35,24,24,13868504
5208,1,999,19,9,4620,-1,22589745
5213,1,0,40,39,24,24,28235027
5214,1,0,30,19,24,24,18830796
5217,1,0,47,51,24,24,13607013
5218,1,0,43,49,24,24,44911493
5219,1,0,45,20,24,24,31307250
5220,1,999,40,46,4620,-1,38972369
5221,1,999,20,59,4620,-1,24347131
5227,1,0,44,42,24,24,27278972
5229,1,999,46,38,13860,-1,41481806
5233,1,999,37,14,4620,-1,10465217
5236,1,0,39,42,24,24,35989523
5237,1,999,43,10,69300,-1,44622688
5238,1,0,54,44,24,24,13543751
5240,1,999,42,49,4620,-1,19468242
5244,1,0,50,26,24,24,18770991
5248,1,0,42,33,24,24,38385264
5252,1,999,1,56,4620,-1,45854760
5253,1,999,26,11,4620,-1,41959346
5261,1,999,62,26,4620,-1,13933749
5265,1,999,25,59,4620,-1,25603631
5268,1,0,17,18,24,24,21455293
5270,1,0,63,21,24,24,41167730
5273,1,999,0,14,4620,-1,46319899
5275,1,0,8,57,24,24,41112277
5276,1,999,34,18,4620,-1,34495805
5280,1,0,0,2,24,24,35737991
5281,1,999,51,22,78540,-1,42324518
5287,1,0,16,19,24,24,23098639
5291,1,999,44,36,4620,-1,19469779
5293,1,999,29,5,4620,-1,41953757
5295,1,999,17,5,4620,-1,9557844
5296,1,999,51,55,4620,-1,17396898
5302,1,0,2,25,24,24,27297208
5304,1,999,59,38,4620,-1,33515803
5306,1,0,62,6,24,24,41472386
5309,1,0,8,9,24,24,28624834
5313,1,0,48,46,24,24,451971
5314,1,999,40,24,4620,-1,37752190
5317,1,0,13,33,24,24,38525273
5318,1,0,54,31,24,24,38734873
5321,1,999,21,19,4620,-1,16166532
5327,1,0,4,59,24,24,34284935
5328,1,0,50,43,24,24,9161254
5329,1,0,58,47,24,24,33841566
5332,1,999,9,39,4620,-1,24653630
5334,1,0,40,1,24,24,27953618
5335,1,999,41,55,4620,-1,14775218
5336,1,0,16,63,24,24,40528808
5338,1,0,7,52,24,24,10002375
5339,1,0,43,59,24,24,34468941
5342,1,999,42,24,73920,-1,15036596
5343,1,0,32,48,24,24,35197409
5346,1,999,44,53,4620,-1,13466206
5348,1,999,12,1,4620,-1,37138537
5352,1,0,8,36,24,24,48607870
5355,1,999,45,48,4620,-1,1747026
5356,1,999,43,22,47740,-1,13051972
5359,1,999,55,43,4620,-1,29572761
5362,1,999,49,31,4620,-1,7259431
5363,1,999,42,29,4620,-1,2758346
5365,1,999,15,45,4620,-1,40788736
5366,1,0,57,19,24,24,2672397
5369,1,999,0,39,4620,-1,50241936
5373,1,0,20,29,24,24,36754459
5375,1,0,14,18,24,24,40840631
5376,1,999,39,42,4620,-1,19250636
5380,1,999,25,56,4620,-1,34223121
5382,1,999,4,32,4620,-1,7246112
5385,1,0,9,34,24,24,28702539
5390,1,0,18,5,24,24,26322607
5395,1,999,35,9,4620,-1,39975036
5397,1,999,5,9,4620,-1,12507276
5398,1,0,20,60,24,24,30388092
5400,1,0,16,29,24,24,15036665
5401,1,999,55,28,4620,-1,25870151
5402,1,999,19,51,4620,-1,29541724
5403,1,999,31,53,4620,-1,12113343
5404,1,999,16,21,4620,-1,32195835
5410,1,0,37,23,24,24,38056679
5413,1,0,36,52,24,24,19034394
5414,1,999,5,19,4620,-1,16548888
5417,1,0,49,32,24,24,39620422
5419,1,0,59,13,24,24,43740660
5421,1,999,54,12,4620,-1,21933673
5425,1,0,48,19,24,24,18262097
5429,1,0,31,9,24,24,1714782
5431,1,0,26,47,24,24,44320495
5433,1,0,34,49,24,24,11623281
5434,1,999,9,3,4620,-1,20425283
5435,1,999,45,53,4620,-1,16497208
5436,1,0,5,17,24,24,32502032
5438,1,0,48,18,24,24,29361493
5441,1,0,28,37,24,24,36903143
5446,1,999,50,13,4620,-1,43387805
5447,1,999,61,4,18480,-1,34766655
5453,1,999,45,20,4620,-1,30776793
5456,1,0,20,26,24,24,29412331
5460,1,0,60,15,24,24,19399856
5463,1,0,61,58,24,24,38289069
5465,1,0,46,29,24,24,6972224
5466,1,999,29,2,4620,-1,23962762
5467,1,0,47,13,24,24,18215665
5470,1,999,30,40,4620,-1,32608273
5471,1,0,20,28,24,24,42131052
5476,1,999,25,47,4620,-1,38805952
5477,1,0,6,43,24,24,33007868
5478,1,999,56,14,4620,-1,9173557
5480,1,0,4,58,24,24,2627601
5482,1,999,48,36,4620,-1,8764478
5483,1,0,7,50,24,24,19448380
5486,1,0,17,10,24,24,10756471
5487,1,999,42,58,4620,-1,14554848
5488,1,0,32,47,24,24,12102299
5490,1,0,19,48,24,24,398116
5492,1,999,19,2,4620,-1,34934762
5494,1,0,3,6,24,24,12753101
5496,1,0,53,36,24,24,23069687
5498,1,999,9,1,4620,-1,27446392
5499,1,0,31,27,24,24,47108877
5500,1,999,55,16,4620,-1,15858089
5501,1,999,11,17,4620,-1,48729777
5504,1,999,4,8,4620,-1,41157839
5505,1,0,35,13,24,24,35016332
5509,1,999,44,57,4620,-1,20326577
5510,1,0,58,5,24,24,46200014
5511,1,999,24,23,69300,-1,6711565
5512,1,0,23,42,24,24,40824769
5513,1,0,61,6,24,24,16809455
5516,1,0,30,36,24,24,34478422
5524,1,0,53,40,24,24,8018186
5526,1,999,41,43,4620,-1,24330825
5527,1,0,11,60,24,24,3334823
5529,1,0,46,1,24,24,11677922
5530,1,0,59,7,24,24,36958648
5534,1,0,27,4,24,24,46846205
5536,1,999,20,45,4620,-1,4186105
5537,1,999,13,8,4620,-1,41873616
5541,1,999,9,41,4620,-1,32399651
5544,1,999,8,11,4620,-1,40187842
5545,1,0,41,60,24,24,37439182
5548,1,999,3,5,4620,-1,21947335
5552,1,999,5,47,4620,-1,1907196
5553,1,999,54,31,4620,-1,9004104
5554,1,0,57,46,24,24,26174974
5559,1,999,41,31,4620,-1,48401147
5562,1,0,10,7,24,24,36222009
5569,1,0,19,18,24,24,24538291
5570,1,999,37,11,4620,-1,25558964
5572,1,0,29,37,24,24,40562586
5577,1,999,30,14,4620,-1,31935537
5579,1,0,10,9,24,24,30970248
5581,1,999,7,30,9240,-1,46216803
5583,1,999,15,14,4620,-1,43816416
5585,1,999,13,14,4620,-1,22609272
5587,1,0,40,6,24,24,10880207
5589,1,0,21,61,24,24,15847640
5595,1,999,16,23,4620,-1,6698253
5606,1,0,3,20,24,24,46349067
5607,1,0,4,20,24,24,22642691
5610,1,999,32,21,4620,-1,45372104
5611,1,0,34,46,24,24,11116852
5617,1,999,22,61,4620,-1,42772080
5619,1,0,12,9,24,24,9694413
5620,1,0,60,48,24,24,35637826
5622,1,0,49,58,24,24,23175883
5623,1,999,54,62,4620,-1,10808433
5625,1,999,49,25,4620,-1,4395939
5629,1,0,59,43,24,24,35709307
5630,1,0,59,48,24,24,29605598
5631,1,0,15,32,24,24,34957332
5632,1,999,23,39,4620,-1,39203004
5636,1,999,58,44,4620,-1,39841779
5639,1,0,18,8,24,24,40424741
5642,1,0,44,48,24,24,8100264
5645,1,999,5,58,4620,-1,37214502
5648,1,999,13,6,4620,-1,8126574
5649,1,0,43,23,24,24,12400381
5655,1,0,30,2,24,24,30669451
5656,1,999,27,57,4620,-1,1299319
5659,1,999,62,14,4620,-1,29163369
5662,1,999,5,6,4620,-1,18761372
5663,1,0,15,0,24,24,9606258
5664,1,0,42,1,24,24,4812577
5666,1,999,24,42,4620,-1,50064612
5667,1,999,28,5,4620,-1,25709395
5670,1,999,47,5,4620,-1,3966666
5672,1,0,20,42,24,24,38304304
5676,1,999,18,57,4620,-1,22672519
5679,1,999,44,53,4620,-1,27228345
5680,1,999,9,4,4620,-1,19062550
5681,1,999,12,25,4620,-1,45931607
5688,1,999,26,46,4620,-1,27480371
5689,1,999,7,16,4620,-1,14569879
5690,1,999,15,62,4620,-1,35088747
5692,1,0,7,49,24,24,33251208
5698,1,999,11,17,4620,-1,21371144
5699,1,999,40,61,4620,-1,20798901
5702,1,0,43,44,24,24,14346824
5704,1,0,58,49,24,24,6050419
5705,1,0,9,24,24,24,50290187
5706,1,999,41,38,4620,-1,48687997
5708,1,999,50,43,44660,-1,8406992
5709,1,0,56,57,24,24,8643742
5715,1,999,37,51,4620,-1,37300038
5716,1,999,19,43,4620,-1,30305767
5722,1,999,34,17,4620,-1,9435449
5724,1,0,1,27,24,24,42329066
5726,1,0,54,22,24,24,5082939
5729,1,0,25,16,24,24,40888098
5732,1,999,0,17,87780,-1,11862457
5734,1,0,12,19,24,24,1808069
5736,1,0,49,16,24,24,26133535
5738,1,0,39,59,24,24,22856077
5740,1,0,58,26,24,24,39600284
5741,1,999,3,27,4620,-1,50124644
5742,1,0,42,8,24,24,45604774
5743,1,999,2,26,78540,-1,17641526
5746,1,999,56,16,4620,-1,17362318
5748,1,0,7,60,24,24,50416394
5749,1,0,26,50,24,24,38309712
5750,1,999,30,11,4620,-1,33574588
5756,1,0,52,0,24,24,2747508
5757,1,999,57,28,4620,-1,22448392
5761,1,999,15,60,4620,-1,37000312
5764,1,0,14,55,24,24,20424335
5768,1,999,8,41,4620,-1,37537091
5770,1,0,26,43,24,24,48328082
5771,1,999,13,17,4620,-1,31691935
5773,1,999,58,49,4620,-1,31778781
5775,1,999,9,62,4620,-1,2223413
5778,1,0,14,35,24,24,6777308
5780,1,0,54,5,24,24,43640759
5781,1,999,3,43,4620,-1,24789531
5783,1,999,14,13,4620,-1,44583367
5785,1,0,55,33,24,24,37120958
5787,1,0,7,27,24,24,7390155
5791,1,999,10,0,4620,-1,38718535
5792,1,0,16,52,24,24,28973931
5795,1,0,2,3,24,24,3167505
5798,1,0,37,0,24,24,30484403
5799,1,999,45,46,4620,-1,20269615
5801,1,0,13,54,24,24,11101793
5804,1,0,55,18,24,24,47579383
5807,1,0,22,5,24,24,33124432
5808,1,999,23,60,4620,-1,44118533
5810,1,999,40,29,4620,-1,48501854
5811,1,999,59,61,4620,-1,47935810
5812,1,999,14,47,4620,-1,13159395
5813,1,999,14,15,4620,-1,28508941
5814,1,999,38,0,4620,-1,24949377
5825,1,999,36,6,4620,-1,11103393
5828,1,999,15,9,4620,-1,13789609
5833,1,0,61,10,24,24,1247516
5834,1,0,13,37,24,24,40435410
5835,1,0,36,3,24,24,33333269
5839,1,999,58,37,4620,-1,34956910
5846,1,999,54,63,4620,-1,15517109
5847,1,999,40,38,4620,-1,25075604
5851,1,999,3,58,4620,-1,17463523
5855,1,999,1,37,4620,-1,49390007
5860,1,999,6,13,4620,-1,12141351
5863,1,0,6,16,24,24,43729110
5866,1,0,27,14,24,24,9079622
5868,1,999,9,5,4620,-1,3823860
5869,1,999,20,8,4620,-1,47101154
5871,1,0,14,49,24,24,42379469
5873,1,0,2,29,24,24,46303427
5875,1,0,36,11,24,24,11097690
5876,1,0,4,49,24,24,17662875
5878,1,0,14,31,24,24,44886889
5881,1,999,15,47,4620,-1,15135607
5885,1,999,22,11,9240,-1,50768629
5890,1,0,36,53,24,24,35977403
5892,1,0,26,1,24,24,50151280
5893,1,0,51,44,24,24,35062696
5894,1,0,26,29,24,24,23805381
5897,1,0,45,34,24,24,51394345
5898,1,0,62,9,24,24,25734705
5899,1,0,63,50,24,24,50476024
5905,1,999,35,48,4620,-1,37052324
5910,1,999,14,50,4620,-1,35317325
5913,1,999,55,17,4620,-1,11789471
5914,1,999,32,12,4620,-1,2239080
5916,1,0,8,12,24,24,16260344
5917,1,0,17,5,24,24,25762077
5918,1,999,12,43,4620,-1,47187490
5919,1,0,5,51,24,24,14850322
5920,1,999,17,43,95480,-1,29512696
5924,1,0,22,27,24,24,25487962
5933,1,999,13,37,4620,-1,35841372
5936,1,999,17,12,4620,-1,12098077
5942,1,0,33,54,24,24,33131221
5943,1,0,48,49,24,24,15773289
5944,1,0,40,2,24,24,47217792
5946,1,0,4,17,24,24,34074760
5947,1,0,2,57,24,24,45963309
5948,1,0,34,15,24,24,33634633
5949,1,0,25,27,24,24,34625713
5953,1,999,44,49,4620,-1,41741817
5954,1,999,3,15,4620,-1,13895900
5959,1,999,27,39,4620,-1,1482284
5960,1,0,4,48,24,24,9123295
5963,1,0,33,34,24,24,12280703
5965,1,999,32,55,4620,-1,17780235
5966,1,999,43,4,4620,-1,44824342
5968,1,999,24,13,4620,-1,47839293
5972,1,0,9,15,24,24,44650390
5974,1,999,32,16,4620,-1,29604920
5975,1,0,45,51,24,24,5570326
5977,1,999,44,31,40040,-1,2633620
5978,1,0,20,60,24,24,18351351
5981,1,0,54,45,24,24,35024131
5982,1,999,29,59,9240,-1,38277518
5984,1,0,47,11,24,24,41801708
5985,1,0,26,63,24,24,38074162
5986,1,0,3,60,24,24,30457074
5990,1,0,4,60,24,24,33816704
5993,1,0,34,50,24,24,24192637
5996,1,0,12,27,24,24,41354595
6002,1,0,7,3,24,24,29166403
6004,1,0,0,2,24,24,47246398
6005,1,999,50,23,4620,-1,3431784
6012,1,0,46,8,24,24,4531965
6014,1,999,13,21,4620,-1,39189456
6016,1,0,41,59,24,24,48276288
6019,1,999,22,39,4620,-1,25310327
6023,1,0,23,15,24,24,11878648
6024,1,999,15,46,4620,-1,36266924
6025,1,0,5,12,24,24,40581138
6029,1,0,53,31,24,24,36205601
6031,1,999,60,53,4620,-1,11074942
6032,1,0,4,5,24,24,1724084
6033,1,0,28,45,24,24,34985862
6037,1,0,60,52,24,24,44979132
6039,1,0,9,8,24,24,37664408
6042,1,0,30,2,24,24,7739500
6043,1,0,0,14,24,24,21089959
6045,1,999,30,44,4620,-1,9866182
6046,1,999,36,28,4620,-1,32984440
6047,1,0,10,2,24,24,30508488
6053,1,999,7,55,4620,-1,45438151
6054,1,0,0,29,24,24,12594945
6055,1,0,46,29,24,24,33689074
6058,1,0,39,42,24,24,20879825
6059,1,0,41,63,24,24,3912383
6060,1,0,39,57,24,24,18782652
6062,1,0,10,3,24,24,45372839
6064,1,0,28,35,24,24,1789592
6072,1,0,43,28,24,24,28768477
6074,1,999,43,16,4620,-1,46382529
6077,1,0,62,19,24,24,12560959
6078,1,0,2,3,24,24,3868006
6079,1,0,29,14,24,24,38138763
6080,1,999,20,43,4620,-1,51002947
6081,1,0,4,7,24,24,530005
6087,1,0,27,28,24,24,3448555
6089,1,999,1,12,4620,-1,44304146
6091,1,999,23,18,4620,-1,43707723
6095,1,0,30,58,24,24,29945475
6100,1,0,16,49,24,24,20029550
6102,1,0,49,30,24,24,34220725
6106,1,0,56,8,24,24,42476859
6107,1,0,59,52,24,24,44433158
6111,1,999,52,2,4620,-1,15105971
6115,1,999,50,11,4620,-1,34771124
6116,1,999,55,16,4620,-1,2099394
6119,1,0,3,52,24,24,30904917
6120,1,0,48,59,24,24,11379227
6121,1,0,63,1,24,24,40708224
6122,1,999,46,15,4620,-1,31390377
6123,1,999,46,36,4620,-1,5939793
6124,1,0,24,25,24,24,42395718
6125,1,999,9,54,4620,-1,46001082
6129,1,0,4,59,24,24,48722928
6134,1,999,35,15,4620,-1,51191613
6135,1,0,29,16,24,24,21136469
6137,1,0,30,1,24,24,17949711
6140,1,0,33,48,24,24,25826392
6141,1,0,35,48,24,24,18976668
6143,1,0,6,55,24,24,30914587
6144,1,0,50,18,24,24,47109531
6145,1,999,42,59,4620,-1,19564926
6148,1,0,48,57,24,24,48225725
6149,1,999,11,4,69300,-1,7636313
6150,1,999,54,5,4620,-1,2365636
6153,1,0,28,29,24,24,48648989
6154,1,0,22,42,24,24,41218415
6158,1,999,24,48,4620,-1,19922549
6164,1,999,17,63,4620,-1,19982247
6165,1,999,9,53,4620,-1,31695590
6166,1,999,2,9,4620,-1,670589
6169,1,0,28,0,24,24,1279722
6171,1,0,19,30,24,24,5759796
6173,1,999,30,10,4620,-1,4629975
6174,1,999,54,40,4620,-1,22943219
6176,1,999,27,47,4620,-1,31303802
6183,1,999,18,59,4620,-1,9289276
6186,1,999,21,30,4620,-1,16983093
6189,1,0,9,46,24,24,51332823
6190,1,999,10,0,4620,-1,25335022
6191,1,999,12,53,4620,-1,8916834
6194,1,0,27,22,24,24,47232097
6195,1,0,32,49,24,24,7863888
6196,1,999,45,21,9240,-1,23089139
6202,1,0,42,19,24,24,21758039
6208,1,0,17,0,24,24,21856205
6209,1,0,3,22,24,24,38997764
6213,1,999,48,8,4620,-1,18788221
6217,1,0,25,21,24,24,370633
6224,1,0,16,37,24,24,10397500
6226,1,0,34,3,24,24,25347821
6229,1,999,47,0,4620,-1,39874634
6230,1,0,31,1,24,24,41715872
6233,1,0,22,34,24,24,19102917
6234,1,999,0,28,4620,-1,1496010
6235,1,0,3,41,24,24,24200499
6237,1,0,63,12,24,24,37054615
6238,1,0,17,37,24,24,24991303
6239,1,0,49,11,24,24,46287276
6241,1,999,61,0,4620,-1,35438514
6242,1,999,7,46,4620,-1,21268175
6243,1,0,61,0,24,24,18778520
6245,1,0,3,10,24,24,33679859
6248,1,999,14,15,4620,-1,8569952
6250,1,0,14,41,24,24,3914141
6252,1,999,3,29,4620,-1,9234399
6257,1,999,37,24,4620,-1,43601834
6258,1,0,5,8,24,24,32437358
6260,1,999,9,17,4620,-1,46779656
6262,1,999,16,6,4620,-1,10424998
6263,1,999,4,39,4620,-1,29841711
6264,1,0,28,0,24,24,1343336
6268,1,999,44,19,4620,-1,41828611
6269,1,0,28,17,24,24,28271444
6271,1,0,62,63,24,24,41134840
6274,1,999,62,58,4620,-1,44761366
6275,1,0,58,56,24,24,30434637
6277,1,0,33,39,24,24,7053978
6280,1,999,60,23,83160,-1,13513294
6286,1,999,58,21,4620,-1,40965662
6288,1,0,50,49,24,24,45492575
6291,1,0,6,33,24,24,5841441
6298,1,999,40,23,4620,-1,23225259
6302,1,999,59,60,4620,-1,21735628
6308,1,999,42,60,4620,-1,8176509
6309,1,0,42,38,24,24,50651577
6310,1,0,41,11,24,24,40409297
6312,1,0,8,0,24,24,28448038
6314,1,0,61,20,24,24,20001387
6317,1,0,9,63,24,24,29685434
6319,1,999,6,39,9240,-1,42629696
6324,1,999,22,2,4620,-1,14427289
6325,1,999,43,26,4620,-1,19079685
6326,1,999,50,14,4620,-1,19895906
6330,1,0,18,57,24,24,39683387
6334,1,999,40,15,4620,-1,8999852
6336,1,999,34,55,4620,-1,17756373
6337,1,999,18,3,4620,-1,21604613
6342,1,0,27,43,24,24,44974926
6344,1,0,24,52,24,24,29386319
6346,1,999,33,43,4620,-1,21002173
6347,1,0,41,42,24,24,21743111
6351,1,0,38,39,24,24,44256645
6352,1,999,17,49,138600,-1,38116333
6353,1,999,24,37,4620,-1,34109406
6354,1,0,38,30,24,24,37057978
6356,1,999,42,8,4620,-1,15672224
6357,1,999,32,25,4620,-1,148716
6361,1,999,18,50,4620,-1,12853281
6362,1,0,20,62,24,24,42045535
6363,1,999,52,25,4620,-1,44077137
6364,1,999,11,7,4620,-1,22610304
6366,1,0,27,3,24,24,18266566
6367,1,0,30,52,24,24,29826269
6369,1,999,48,34,4620,-1,42509099
6370,1,999,35,6,4620,-1,12682876
6375,1,999,45,41,4620,-1,27496183
6378,1,999,2,22,4620,-1,21453180
6379,1,0,37,11,24,24,44775754
6381,1,999,13,0,4620,-1,42741971
6382,1,999,10,62,4620,-1,33475088
6386,1,0,55,18,24,24,25423495
6390,1,999,20,42,4620,-1,12293397
6395,1,999,17,54,4620,-1,34002766
6400,1,0,4,3,24,24,29104151
6403,1,0,32,21,24,24,11512116
6405,1,0,30,3,24,24,155231
6406,1,999,33,50,4620,-1,26938521
6407,1,0,30,51,24,24,20946329
6412,1,0,9,42,24,24,34208882
6413,1,0,0,19,24,24,43280947
6416,1,0,48,56,24,24,11134476
6419,1,999,22,36,4620,-1,5477304
6420,1,0,51,2,24,24,42133450
6421,1,999,27,28,9240,-1,51170815
6423,1,999,5,37,4620,-1,49168208
6425,1,0,11,41,24,24,50634240
6429,1,999,20,59,4620,-1,10185813
6431,1,0,4,14,24,24,49792264
6433,1,999,49,37,4620,-1,1913276
6435,1,0,59,32,24,24,31543635
6437,1,999,34,44,4620,-1,5469427
6438,1,0,61,56,24,24,10133747
6439,1,999,10,42,4620,-1,27101918
6442,1,999,48,57,4620,-1,47591295
6443,1,999,32,45,4620,-1,38953619
6444,1,0,63,59,24,24,50402969
6447,1,999,19,51,44660,-1,15251884
6448,1,999,25,47,4620,-1,32839209
6450,1,999,31,18,4620,-1,30801620
6451,1,0,10,5,24,24,14019287
6455,1,999,28,12,4620,-1,41467504
6456,1,999,11,12,4620,-1,12811962
6461,1,999,9,7,4620,-1,41844707
6462,1,0,56,29,24,24,50239412
6464,1,999,33,20,4620,-1,35050190
6465,1,0,26,31,24,24,30256118
6466,1,999,14,11,4620,-1,7083203
6467,1,999,23,48,4620,-1,33871355
6471,1,999,19,22,4620,-1,25993719
6472,1,999,2,32,4620,-1,18087421
6477,1,0,15,39,24,24,5273243
6479,1,999,18,12,4620,-1,5149679
6481,1,999,20,29,4620,-1,216924
6483,1,0,0,49,24,24,50635782
6486,1,0,43,11,24,24,36490806
6494,1,999,46,27,4620,-1,22218842
6495,1,999,55,16,4620,-1,42454222
6498,1,0,47,48,24,24,22526066
6499,1,999,10,53,4620,-1,50054770
6501,1,999,13,24,4620,-1,39587919
6506,1,0,21,45,24,24,3785466
6507,1,0,59,1,24,24,5474859
6508,1,999,2,11,4620,-1,8824161
6510,1,999,9,19,4620,-1,692866
6511,1,999,37,63,4620,-1,33026173
6513,1,0,51,41,24,24,44665252
6514,1,999,23,10,4620,-1,13173795
6516,1,999,12,37,4620,-1,19529493
6518,1,999,40,11,4620,-1,43107376
6521,1,999,11,49,4620,-1,9834402
6522,1,999,1,14,4620,-1,9235143
6525,1,0,49,15,24,24,2508141
6526,1,0,41,63,24,24,451716
6527,1,0,4,35,24,24,38592693
6528,1,999,36,22,4620,-1,19685858
6532,1,999,61,15,4620,-1,47527257
6534,1,999,36,29,4620,-1,32496102
6538,1,999,16,25,4620,-1,33445537
6539,1,999,6,61,4620,-1,45892601
6540,1,0,61,7,24,24,3890556
6542,1,999,11,45,9240,-1,7325160
6543,1,999,48,17,4620,-1,16429175
6548,1,999,25,6,4620,-1,30676702
6550,1,999,51,52,4620,-1,32171955
6551,1,0,0,61,24,24,8275508
6554,1,0,21,26,24,24,23135884
6555,1,0,20,7,24,24,17402031
6560,1,999,25,41,4620,-1,6504266
6561,1,999,22,40,4620,-1,702399
6565,1,0,51,32,24,24,40470079
6568,1,999,34,1,4620,-1,41911342
6569,1,999,11,12,4620,-1,47795388
6571,1,999,30,14,4620,-1,37437251
6572,1,0,4,14,24,24,43208989
6574,1,999,1,36,4620,-1,18551465
6575,1,999,0,19,4620,-1,27340409
6579,1,999,27,3,4620,-1,17482283
6580,1,999,25,57,4620,-1,43876233
6585,1,0,25,5,24,24,32898759
6587,1,0,7,28,24,24,48292592
6589,1,999,3,5,4620,-1,10153567
6592,1,999,24,21,69300,-1,1433186
6593,1,0,53,28,24,24,27299373
6596,1,999,55,49,4620,-1,20181230
